fcltynm,mt10id,mt13cnt,fcltychartr,opende,seatscale,telno,relateurl,adres,la,lo,restaurant,cafe,store,nolibang,suyu,parkbarrier,restbarrier,runwbarrier,elevbarrier,parkinglot,mt13s
부평아트센터,FC000216,2,공공(문예회관),2010,1191,032-500-2000,http://www.bpart.kr/,인천광역시 부평구 아트센터로 166 (십정동),37.4819229,126.7049151,Y,Y,Y,Y,Y,Y,Y,Y,Y,Y,"
            "
사랑새아트홀,FC003932,1,민간(대학로 외), ,0, , ,경상남도 창원시 성산구 용지로169번길 11-26 (용호동),35.2297216,128.680144,N,N,N,N,N,N,N,N,N,N,"
            "
여행자극장,FC001529,1,민간(대학로),2016,100,070-7918-9077,https://yohangzatheatre.modoo.at/,서울특별시 성북구 성북로5길 9-3 (성북동1가),37.5889086,127.00463660000003,N,N,N,N,N,N,N,N,N,N,"
            "
효로인디아트홀,FC003588,1,민간(대학로 외),2023,104, ,https://hyorotheater.modoo.at/,부산광역시 연제구 연수로235번길 7 (연산동),35.173760,129.096480,N,N,N,N,N,N,N,N,N,N,"
            "
강동아트센터,FC000028,5,공공(문예회관),2011,3240,02-440-0500,https://www.gangdongarts.or.kr/,서울특별시 강동구 동남로 870 (상일동),37.5512621,127.15761910000003,N,Y,N,Y,N,Y,Y,Y,Y,Y,"
            "
연극실험실 혜화동1번지,FC001141,1,민간(대학로),1993,70,010-8946-4164,https://www.facebook.com/hhdlab,서울특별시 종로구 창경궁로35길 7 (혜화동),37.586337,127.00133069999992,N,N,N,N,N,N,N,N,N,N,"
            "
거창문화센터,FC000879,2,공공(문예회관),2001,886,055-940-8460,http://www.gccf.or.kr/bbs/page.php?hid=D_1_2,경상남도 거창군 수남로 2181 거창군교육문화센터,35.6742953691642,127.910316706376,N,N,N,N,N,Y,Y,Y,N,Y,"
            "
전북대학교 삼성문화회관,FC000469,2,공공(기타),1998,1717,063-270-2089,https://cnucc.jbnu.ac.kr/,전라북도 전주시 덕진구 백제대로 567 (금암동),35.8469207,127.13936869999998,Y,Y,Y,N,N,Y,N,Y,N,Y,"
            "
해봄연습실,FC003384,1,민간(대학로 외), ,0, , ,서울특별시 관악구 관천로 58(신림동),37.4845757,126.9260978,N,N,N,N,N,N,N,N,N,N,"
            "
베리어스 재즈클럽,FC002030,1,민간(대학로 외),2018,250,010-7145-6672,https://variousconcerthall.modoo.at/,대구광역시 수성구 달구벌대로 2881 (연호동),35.8459419,128.6737892,Y,Y,N,N,N,Y,Y,N,N,Y,"
            "
안성맞춤아트홀,FC001812,3,공공(문예회관),2017,1294,031-660-0666,https://www.anseong.go.kr/arthall/main.do,경기도 안성시 발화대길 21 (현수동),37.0010012,127.2790334,N,Y,N,N,Y,Y,Y,Y,Y,Y,"
            "
예술나무씨어터(구. 상상나눔씨어터),FC000212,1,민간(대학로 외),2013,232,02-1661-5054,https://cafe.naver.com/purifycompany,"서울특별시 구로구 구로중앙로 134 (구로동, 신구로자이나인스에비뉴)",37.5000786,126.8840596,N,N,N,N,N,Y,N,N,N,Y,"
            "
아양아트센터,FC001169,3,공공(문예회관),2004,1711,053-951-3300,http://www.ayangarts.or.kr/,대구광역시 동구 효동로2길 24 (효목동),35.8797836,128.65196030000004,N,N,Y,N,N,Y,Y,Y,Y,Y,"
            "
모두누림센터,FC001655,1,공공(문예회관),2017,372,031-357-5238,http://art.hcf.or.kr/subpage/index/504,경기도 화성시 남양읍 시청로 155,37.1987619,126.82857749999994,Y,Y,N,Y,N,Y,Y,Y,Y,Y,"
            "
미아리고개예술극장(구. 미아리예술극장),FC000258,1,공공(기타),2009,74,02-6956-9045,https://www.miari-cooptheater.co.kr,서울특별시 성북구 동소문로 177 (돈암동),37.597782,127.02140899999995,N,N,N,N,N,N,N,N,N,N,"
            "
안양아트센터,FC000021,2,공공(문예회관),1989,2246,031-687-0500,http://www.ayac.or.kr/,경기도 안양시 만안구 문예로36번길 16 (안양동),37.3845562,126.93136809999999,N,N,N,N,N,Y,Y,Y,Y,Y,"
            "
계양문화회관,FC000840,1,공공(문예회관),1997,795,032-551-6602,http://www.gysiseol.or.kr/culturebuilding/main/index.php,인천광역시 계양구 계양산로35번길 11 (계산동),37.5461360583772,126.718079789918,N,N,N,N,N,Y,N,N,N,Y,"
            "
영주문화예술회관,FC000050,1,공공(문예회관),2012,498,054-639-5951,http://art.yeongju.go.kr/,경상북도 영주시 가흥로 257 (가흥동),36.8184005,128.60536649999995,N,N,N,N,N,Y,Y,Y,Y,Y,"
            "
인터미션,FC003631,1,민간(대학로 외), ,0, , ,경기도 수원시 권선구 경수대로 371 (권선동),37.2597035,127.0232864,N,N,N,N,N,N,N,N,N,N,"
            "
통영시민문화회관,FC000247,2,공공(문예회관),1997,1170,055-641-2622,http://www.tongyeong.go.kr/citizen.web,경상남도 통영시 남망공원길 29 (동호동),34.8424044,128.4287974,N,Y,N,N,N,N,Y,Y,N,Y,"
            "
국립정동극장,FC000006,2,국립,1995,860,02-751-1500,http://www.jeongdong.or.kr,서울특별시 중구 정동길 43 (정동),37.5659672,126.97285929999998,N,N,N,N,N,N,N,N,Y,Y,"
            "
지구인아트홀 (구. 해오름 예술극장),FC001250,1,민간(대학로),2014,170,02-745-3641, ,서울특별시 종로구 창경궁로 260 (명륜2가),37.5843848,127.00051899999994,N,Y,N,N,N,N,N,N,N,N,"
            "
TINC This is Not a Church(구. 명성교회),FC002747,1,민간(대학로),2020,0, ,https://t-i-n-c.com/Info,서울특별시 성북구 동소문로10길 34-16 (삼선동4가),37.5888231,127.0108788,N,N,N,N,N,N,N,N,N,N,"
            "
대구어린이회관 꾀꼬리극장,FC000287,1,공공(기타),1983,599,053-803-7944,http://www.daegu.go.kr/Childhall/,대구광역시 수성구 동대구로 176 (황금동),35.845223,128.62448199999994,N,N,N,Y,Y,Y,Y,Y,Y,Y,"
            "
충동소극장,FC002630,1,민간(대학로 외), ,30,010-3906-8835,http://www.choongdong.com/,서울특별시 광진구 뚝섬로36길 49 (자양동),37.5322705,127.0706336,N,N,N,N,N,N,N,N,N,N,"
            "
반석아트홀(동탄복합문화센터),FC000118,2,공공(문예회관),2011,1155,00-1588-5234,http://art.hcf.or.kr/subpage/index/254,경기도 화성시 노작로 134 (반송동),37.2006588,127.07391230000007,N,Y,N,N,N,Y,Y,N,Y,Y,"
            "
카페 모베터블루스,FC004060,1,기타(비공연장), ,0, , ,서울특별시 종로구 동숭4길 4 (동숭동),37.5830523,127.0039951,N,N,N,N,N,N,N,N,N,N,"
            "
포천반월아트홀,FC000612,3,공공(문예회관),2003,1162,031-540-6213,https://www.pcfac.or.kr/,경기도 포천시 군내면 청성로 111,37.8958535,127.21221459999992,N,N,N,N,N,N,N,N,N,Y,"
            "
국립아시아문화전당,FC001270,17,국립,2015,4274,00-1899-5566,https://www.acc.go.kr/,광주광역시 동구 문화전당로 38 (광산동) 아시아문화전당,35.1467193,126.92025420000004,Y,Y,Y,Y,Y,N,N,N,N,Y,"
            "
라온아트홀,FC002760,1,민간(대학로), ,110, , ,서울특별시 종로구 대학로10길 11 (동숭동),37.581853,127.0028053,N,Y,N,N,N,N,N,N,N,N,"
            "
미로센터 [광주],FC002951,2,민간(대학로 외), ,165,062-608-2132,http://dgmiro.donggu.kr/,광주광역시 동구 중앙로196번길 15-12(궁동),35.1500515,126.917886,N,Y,N,N,N,N,N,N,N,N,"
            "
퓨플스튜디오,FC003695,1,민간(대학로 외), ,80, , ,서울특별시 금천구 디지털로9길 56 (가산동),37.4804026,126.8868723,N,N,N,N,N,N,N,N,N,Y,"
            "
예린소극장,FC001810,1,민간(대학로 외),2016,36,062-223-2690,https://spacecloud.kr/space/3625,광주광역시 동구 예술길 23-1 (궁동),35.14996259999999,126.9187594,N,N,N,N,N,N,N,N,N,N,"
            "
아라아트홀,FC003839,1,민간(대학로), ,0, , ,서울특별시 종로구 대학로8가길 30 (동숭동),37.582294,127.0025606,N,N,N,N,N,N,N,N,N,N,"
            "
서연아트홀(구. 인아소극장),FC001223,1,민간(대학로),2013,166,070-5180-5956, ,서울특별시 종로구 창경궁로 258 - 9,37.5838644,127.00056100000006,N,N,N,N,N,N,N,N,N,N,"
            "
강남씨어터,FC001619,1,공공(기타),2007,232,02-6712-0531,https://gangnam.go.kr/office/gfac/contents/gfac_place02/1/view.do?mid=gfac_place02,서울특별시 강남구 역삼로7길 16 (역삼동),37.495188,127.03321630000005,N,N,N,N,N,Y,Y,Y,Y,Y,"
            "
북극곰소극장(구.아뮤스소극장),FC001814,1,민간(대학로),2019,37,010-4293-5155,https://bookbear23.modoo.at/,서울특별시 종로구 이화장1길 24 (이화동) ,37.5773694,127.00575709999998,N,N,N,N,N,N,Y,N,N,N,"
            "
아트벙커,FC001828,1,민간(대학로 외),2017,104,053-421-2223,https://www.facebook.com/groups/1109711122479798/about/,대구광역시 남구 현충로 262 (대명동),35.8557096,128.58320249999997,N,N,N,N,N,N,N,N,N,N,"
            "
광산문화예술회관,FC000849,1,공공(문예회관),2002,540,062-960-8860,http://art.gwangsan.go.kr/,광주광역시 광산구 광산로68번길 13 (송정동),35.1404404,126.79929249999998,N,N,N,N,N,N,N,N,N,Y,"
            "
광주 민들레소극장,FC001679,1,민간(대학로 외),1989,150,062-222-6280, ,광주광역시 동구 동계천로 111 (동명동),35.1508402,126.9227601,N,N,N,N,N,N,N,N,N,N,"
            "
스케치홀 (구.소극장 선물 1관),FC003462,2,민간(대학로), ,20, , ,서울특별시 종로구 동숭길 145 (동숭동),37.5831766,127.0022799,N,N,N,N,N,N,N,N,N,N,"
            "
세종대학교 충무관,FC001789,1,민간(대학로 외),1978,100,02-3408-3114,http://www.sejong.ac.kr/,서울특별시 광진구 능동로 209 (군자동),37.5522605,127.07396059999996,Y,Y,Y,N,N,Y,Y,Y,N,Y,"
            "
우리소극장 [의정부],FC002061,1,민간(대학로 외),2020,50,010-3954-5899,https://woorihall.modoo.at/,경기도 의정부시 용민로 483 (민락동),37.7507781,127.1181088,N,Y,Y,N,N,Y,Y,N,N,Y,"
            "
달밤엔씨어터,FC001884,1,민간(대학로),2014,109,02-985-5654,https://www.instagram.com/dbncom/,서울특별시 종로구 대학로14길 18-2 (혜화동),37.5839551,127.00265549999995,N,N,N,N,N,N,N,N,N,N,"
            "
금천뮤지컬센터,FC003017,1,공공(기타),2021,197,02-2627-2183,https://www.instagram.com/gcmc.kr/,서울특별시 금천구 시흥대로115길 48(독산동),37.4687771,126.8944749,N,N,N,N,N,Y,N,Y,N,Y,"
            "
필씨어터,FC001300,1,민간(대학로 외),2008,70,061-247-0247,http://cafe.daum.net/Phil-theater,전라남도 목포시 유동로 10,34.7894032,126.38647489999994,N,N,N,N,N,N,N,N,N,N,"
            "
대학로 이음센터(한국장애인문화예술원),FC001404,2,공공(기타),2015,120,02-760-9700,http://www.i-eum.or.kr/contents/view?contentsNo=6&level=1&menuNo=5,서울특별시 종로구 대학로 112 (동숭동),37.5811397,127.00238289999993,N,Y,N,N,N,N,Y,Y,Y,N,"
            "
소극장 빨간객석,FC002881,1,민간(대학로 외),2021,50,010-4507-6271,https://auditoriumredtheater.modoo.at/,경상남도 창원시 마산합포구 오동동14길 62(오동동),35.2057603,128.5826597,N,N,N,N,N,N,N,N,N,N,"
            "
인천아트플랫폼,FC001310,1,공공(기타),2009,30,032-760-1000,http://www.inartplatform.kr,인천광역시 중구 제물량로218번길 3 - 0 인천아트플랫폼,37.4729295,126.62004730000001,N,Y,N,N,N,Y,Y,Y,Y,N,"
            "
소극장 고도,FC000623,1,민간(대학로 외),2010,80,042-226-3861, ,대전광역시 중구 중앙로112번길 13 (대흥동),36.3268216,127.42293219999999,N,Y,N,N,N,N,N,N,N,N,"
            "
마루아트홀,FC001815,1,민간(대학로),2018,118,070-4618-5753,https://www.instagram.com/my_ps_partner_maruart/,서울특별시 종로구 대학로8가길 30 (동숭동),37.582253,127.00254580000001,N,N,N,N,N,N,N,N,N,N,"
            "
대구서구문화회관,FC000836,2,공공(문예회관),1998,822,053-663-3081,http://www.dgs.go.kr/culture/index.html,대구광역시 서구 당산로 403 (이현동),35.8722732,128.5455773,N,N,N,N,N,Y,Y,N,N,Y,"
            "
"아루또소극장(구. 소담소극장, 구. 코메디컬센터)",FC001379,1,민간(대학로),2017,97,02-6012-2511, ,서울특별시 종로구 대학로8가길 48 (동숭동),37.5828996,127.00240359999998,N,N,N,N,N,N,N,N,N,N,"
            "
성주문화예술회관,FC000868,1,공공(문예회관),2003,1002,054-933-6912,http://www.scac.go.kr,경상북도 성주군 성주읍 성산9길 45,35.9183692,128.30130510000004,N,Y,N,Y,N,Y,Y,Y,N,Y,"
            "
아트팩토리 봄,FC002814,1,민간(대학로 외),2021,82,033-263-7222, ,강원도 춘천시 신동면 풍류1길 34,37.8179712,127.7197078,N,N,N,N,N,N,N,N,N,N,"
            "
김포아트홀,FC001618,1,공공(문예회관),2015,503,031-996-1603,https://www.gcf.or.kr/main/?mc_code=1411,경기도 김포시 돌문로 26 (사우동),37.6189366,126.72017299999993,N,N,N,N,N,Y,Y,N,Y,Y,"
            "
토마토소극장,FC002546,1,민간(대학로 외),2007,125,052-248-1425,https://cafe.naver.com/tomatocinema/,울산광역시 중구 장춘로 114 (성남동),35.5569845,129.3208712,N,N,N,N,N,N,N,N,N,N,"
            "
서울예술대학교,FC002839,4,민간(대학로 외), ,0,031-412-7100, ,경기도 안산시 단원구 예술대학로 171(고잔동),37.3334141,126.8362748,N,N,N,N,N,N,N,N,N,Y,"
            "
플러스씨어터(구. 컬처스페이스 엔유 구. 쁘티첼 씨어터),FC001459,1,민간(대학로),2010,314,02-731-9199, ,서울특별시 종로구 대학로12길 73 (동숭동),37.5807747,127.00396490000003,N,N,N,N,N,N,N,N,N,N,"
            "
꿈의숲아트센터,FC000567,3,공공(기타),2009,584,02-2289-5401,http://www.dfac.or.kr/main/main.asp,서울특별시 강북구 월계로 173 (번동),37.6214312,127.0406246,Y,Y,Y,N,N,Y,Y,Y,Y,Y,"
            "
씨어터 제이,FC000906,1,민간(대학로 외),2005,180,043-256-3338,http://cafe.daum.net/theatrej/,충청북도 청주시 상당구 상당로69번길 12-6 (북문로1가),36.6347375,127.49001010000006,Y,N,N,N,N,N,N,N,N,N,"
            "
여우별아트홀,FC001393,1,민간(대학로 외),2015,156,010-2875-1931,https://foxstar.modoo.at/,대구광역시 중구 동성로3길 35 (삼덕동1가),35.866951,128.59729459999994,N,N,N,N,N,N,N,N,N,Y,"
            "
부산민주공원 공연장,FC000853,2,공공(문예회관),1999,535,051-790-7408,http://www.demopark.or.kr/main/main.asp,부산광역시 중구 민주공원길 19 (영주동),35.1100718,129.02807269999994,Y,N,N,N,N,N,N,N,Y,Y,"
            "
예스24아트원(구.대학로아트원씨어터),FC000833,3,민간(대학로),2009,851,02-762-0010, ,서울특별시 종로구 대학로12길 83 (동숭동),37.5802316,127.0040004,N,N,N,N,N,N,N,N,N,N,"
            "
성균소극장,FC001262,1,민간(대학로),2006,180,02-747-5035,http://sktheater.modoo.at/,서울특별시 종로구 성균관로 12-3 (명륜2가),37.5845012,126.99909430000002,N,N,N,N,N,N,N,N,N,N,"
            "
포항시청 대잠홀,FC001256,1,공공(문예회관),2007,597,054-270-8282,http://www.phcf.or.kr/kr/sub.do?MENU_SEQ=10076&PAGE_SEQ=10158&LANG=ko_KR#none https://www.pohang.go.kr/pohang/index.do,경상북도 포항시 남구 시청로 1 (대잠동),36.0191816,129.34329830000001,N,N,N,N,Y,Y,Y,N,Y,Y,"
            "
M극장,FC000815,1,민간(대학로 외),2006,150,02-578-6812,http://www.mtheater.co.kr/,서울특별시 강남구 논현로4길 36 (개포동),37.4736304,127.05291920000002,N,N,N,N,N,N,N,N,N,Y,"
            "
CK아트홀,FC000629,1,민간(대학로 외),2009,188,00-1899-2330,http://www.ckarthall.com/default/,울산광역시 남구 삼산로 173 (달동),35.53739789999999,129.32611280000003,Y,N,N,N,N,N,N,N,N,Y,"
            "
드림아트홀 [대전],FC000752,1,민간(대학로 외),2007,85,042-252-0887,http://cafe.daum.net/dreamarthall,대전광역시 중구 선화서로 2 (대흥동),36.3243771,127.42044770000007,N,N,N,N,N,N,N,N,N,N,"
            "
한라아트홀,FC000724,3,민간(대학로 외),2001,1311,064-741-7575,http://www.chu.ac.kr/organization/02organization/sub02/sub02.php,제주특별자치도 제주시 한라대학로 38 (노형동),33.4762933,126.47489870000004,N,N,N,N,N,N,N,N,N,Y,"
            "
수성아트피아,FC000204,2,공공(문예회관),2007,1460,053-666-3300,http://www.ssartpia.kr,대구광역시 수성구 무학로 180 (지산동),35.8295426,128.62841500000002,N,N,N,N,N,Y,Y,N,N,Y,"
            "
열린극장,FC000516,1,민간(대학로),1999,150,02-743-6474, ,서울특별시 종로구 창경궁로 258-12 (명륜2가),37.5836706,127.0003428,N,N,N,N,N,N,N,N,N,N,"
            "
제천예술의전당,FC003948,1,공공(문예회관),2024,799,043-641-5520,https://www.jecheon.go.kr/jcac,충청북도 제천시 동명로 77 (명동),37.1356797,128.2083233,N,Y,N,N,N,N,N,N,N,Y,"
            "
오산문화예술회관,FC000145,2,공공(문예회관),2004,1007,031-379-9900,https://www.osan.go.kr/arts/main.do,경기도 오산시 경기동로 41 (오산동),37.1597009,127.07653890000006,N,N,N,N,N,Y,N,N,N,Y,"
            "
하모니아 아트홀,FC000296,2,민간(대학로 외),2007,410,053-254-7241,https://www.facebook.com/%ED%95%98%EB%AA%A8%EB%8B%88%EC%95%84-%EC%95%84%ED%8A%B8%ED%99%80-145385915664480,대구광역시 중구 동성로1길 29-29 (동성로3가),35.8676048,128.59505160000003,N,N,N,N,N,N,N,N,N,N,"
            "
어댑터씨어터 1관 (구.어댑터플레이스),FC002763,1,민간(대학로 외),2021,100,051-911-1447,http://www.adapter.theater,부산광역시 수영구 광안해변로 193 (광안동),35.1516557,129.1167408,Y,Y,N,N,N,N,N,N,N,N,"
            "
"제이원 씨어터 (구. 서완소극장, 구. 씨어터고리)",FC001201,1,민간(대학로),2009,98,02-926-4937, ,서울특별시 종로구 창경궁로34길 18-12,37.5841705,127.00042899999994,Y,N,N,N,N,N,N,N,N,N,"
            "
가마골소극장,FC001683,1,민간(대학로 외),2017,120,051-723-0568,www.kamagol.co.kr,부산광역시 기장군 일광면 이천6길 2,35.2675636,129.23491609999996,N,N,N,N,N,N,N,N,N,N,"
            "
양산문화예술회관,FC000238,2,공공(문예회관),2002,963,055-379-8550,http://www.yangsanart.net/,경상남도 양산시 중앙로 39-1 (남부동),35.3336224,129.03692249999995,N,N,N,N,Y,Y,Y,Y,N,Y,"
            "
강릉아트센터(구. 강릉문화예술관),FC001787,6,공공(문예회관),1992,1607,033-660-6800,http://www.gn.go.kr/artscenter/index.do,강원도 강릉시 종합운동장길 84 (교동),37.7716846,128.895305,N,Y,N,N,Y,Y,Y,Y,Y,Y,"
            "
인천중구문화회관,FC000158,1,공공(문예회관),2012,638,032-760-6400,http://artcenter.icjg.go.kr/,인천광역시 중구 축항대로296번길 81 (신흥동3가),37.4375263,126.6272199,N,N,N,N,N,Y,N,N,N,Y,"
            "
틴틴홀,FC000806,1,민간(대학로),2003,244,02-764-8760, ,서울특별시 종로구 대학로10길 24 (동숭동),37.5815685,127.00353990000008,N,N,N,N,N,N,N,N,N,N,"
            "
성수아트홀(성수문화복지회관),FC001173,1,공공(문예회관),2012,352,02-2204-7571,https://www.sdfac.or.kr/kor/sdfac/sub/contents.do?gotoMenuNo=08020500,서울특별시 성동구 뚝섬로1길 43 (성수동1가),37.5443376,127.04692750000004,N,Y,N,N,Y,Y,Y,N,N,Y,"
            "
상명아트홀,FC000763,2,민간(대학로),2001,270,02-2075-2173,https://www.smu.ac.kr/smarts/index.do,서울특별시 종로구 동숭길 133 (동숭동),37.5833331,127.00272719999998,N,Y,N,N,N,Y,Y,N,Y,Y,"
            "
학산소극장,FC000300,1,공공(기타),2004,114,032-866-3970,http://www.haksanculture.or.kr/theatre/haksantheater.php,인천광역시 남구 인하로 126 (용현동),37.4494551,126.661876,Y,Y,Y,N,N,Y,Y,N,Y,Y,"
            "
공간소극장 [대연역],FC002674,1,민간(대학로 외),2019,50,051-611-8518,http://cafe.naver.com/ggtheater,부산광역시 남구 수영로 지하 242 (대연동),35.1342618,129.0944425,N,N,N,N,N,N,N,N,N,N,"
            "
지즐소극장,FC001156,1,민간(대학로),2007,84,010-8596-6296,https://www.facebook.com/pages/%EC%A7%80%EC%A6%90%EC%86%8C%EA%B7%B9%EC%9E%A5/468578863227778,서울특별시 종로구 성균관로4길 42 (명륜2가),37.5847101,126.9996688,Y,N,N,N,N,N,N,N,N,N,"
            "
광진어린이공연장,FC003360,1,민간(대학로 외), ,0, , ,서울특별시 광진구 능동로 400(중곡동),37.5650581,127.0844568,N,N,N,N,N,N,N,N,N,Y,"
            "
성북마을극장,FC001361,1,민간(대학로),2015,80,010-3385-4155,http://sbtheater.modoo.at/,서울특별시 성북구 동소문로20다길 10 (동선동1가),37.5915775,127.0173297,N,N,N,N,N,N,N,N,N,N,"
            "
새싹타워,FC004162,1,민간(대학로 외), ,75, , ,서울특별시 강서구 강서로 463 (마곡동),37.5669464,126.8404463,N,N,N,N,N,N,N,N,N,N,"
            "
창조문화활력센터 소극장 624,FC001479,2,공공(기타),2013,123,051-336-8521,https://cafe.naver.com/bswindow.cafe,부산광역시 북구 백양대로 1167 (구포동),35.20643889999999,129.0044021,N,Y,N,N,N,N,N,N,N,Y,"
            "
JS아트홀 (구. 고스트씨어터 구.다소니씨어터),FC001859,1,민간(대학로),2018,194,070-7733-7198, ,서울특별시 종로구 동숭길 94 (동숭동),37.5824158,127.00432799999999,N,N,N,N,N,N,N,N,N,N,"
            "
인천동구문화체육센터,FC002962,1,공공(문예회관), ,495,032-772-7700,https://www.icdonggu.go.kr/cscenter/fmcs/1,인천광역시 동구 송림로110번길 5-8(송림동),37.475773,126.6475423,N,N,N,N,N,N,N,N,N,Y,"
            "
대전예술가의집,FC001289,1,공공(문예회관),2015,140,042-480-1081,http://www.dcaf.or.kr/web/page.do?menuIdx=446,대전광역시 중구 중앙로 32 (문화동),36.3222524,127.41610430000003,N,N,N,N,Y,Y,Y,Y,Y,Y,"
            "
드림시어터 [대학로],FC001218,1,민간(대학로),2012,126,010-3749-0221,https://bulltheatre.modoo.at/?link=cb6i15sg,서울특별시 종로구 대학로10길 15 - 11,37.5822206,127.00276359999998,N,N,N,N,N,N,N,N,N,N,"
            "
청담 예인아트홀,FC003191,1,민간(대학로 외), ,0, , ,서울특별시 강남구 도산대로81길 45(청담동),37.5270366,127.0461887,N,N,N,N,N,N,N,N,N,N,"
            "
경기아트센터(구. 경기도문화의전당),FC000017,6,공공(문예회관),1991,3032,031-230-3200,http://www.ggac.or.kr/,경기도 수원시 팔달구 효원로307번길 20 (인계동) 경기도문화의전당,37.2618899,127.0374319,Y,N,N,N,N,Y,Y,N,N,Y,"
            "
경주예술의전당,FC000517,5,공공(문예회관),2010,3184,054-777-2949,https://garts.kr/index.do,경상북도 경주시 알천북로 1 (황성동),35.8625869,129.20586520000006,N,Y,N,N,Y,Y,Y,Y,Y,Y,"
            "
김제문화예술회관,FC000449,2,공공(문예회관),2009,718,063-540-4172,http://art.gimje.go.kr/index.sko,전라북도 김제시 성산길 20 (교동),35.8028856,126.87719349999998,N,N,N,N,N,Y,Y,Y,N,Y,"
            "
홍주문화회관,FC000445,2,공공(문예회관),1988,1343,041-634-0021,http://art.hongseong.go.kr/,충청남도 홍성군 홍성읍 내포로 164,36.5947409,126.65187470000001,N,N,N,N,N,N,N,N,N,Y,"
            "
세이레아트센터,FC001512,1,민간(대학로 외),2007,120,064-744-8911,https://sayreartcenter.modoo.at/,제주특별자치도 제주시 서광로 182-6 (삼도일동),33.4991191,126.51603879999993,N,N,Y,N,N,N,N,N,N,Y,"
            "
JTN 아트홀(구. 대학로예술마당),FC000139,4,민간(대학로),2016,854,02-779-1595,http://www.jtnarthall.com/,서울특별시 종로구 이화장길 26 (이화동),37.5767066,127.00376210000002,N,Y,N,N,N,N,Y,N,N,N,"
            "
소극장 여우,FC000902,1,민간(대학로 외),2009,100,033-241-1740,http://cafe.naver.com/itiki,강원도 춘천시 공지로 121-1 (석사동) 삼원빌딩 지하,37.8571091124131,127.746990735375,N,N,N,N,N,N,N,N,N,N,"
            "
콜링아트센터,FC002794,1,기타(비공연장), ,0,02-545-4083,https://callingartcenter.modoo.at/,서울특별시 관악구 관악로14길 110 (봉천동),37.4777141,126.9584144,N,N,N,N,N,N,N,N,N,Y,"
            "
울산문화예술회관,FC000081,3,공공(문예회관),1995,2550,052-266-8282,http://ucac.ulsan.go.kr/,울산광역시 남구 번영로 200 (달동),35.5429378079717,129.327089892733,N,N,N,N,N,Y,Y,Y,Y,Y,"
            "
부평문화사랑방,FC001796,1,공공(기타),2003,126,032-505-5995,https://www.bpcf.or.kr/facility/culturelove/introduce.asp,인천광역시 부평구 주부토로 173 (갈산동),37.510697,126.72569820000001,N,N,N,N,N,Y,Y,N,N,Y,"
            "
부산시민회관,FC000497,4,공공(문예회관),2009,1991,051-630-5200,http://www.bscc.or.kr/citizen/06_intro/?mcode=1006050100,부산광역시 동구 자성로133번길 16 (범일동),35.138781,129.06525499999998,Y,Y,N,Y,Y,Y,N,Y,N,Y,"
            "
컬쳐씨어터(구. 휴먼시어터),FC001207,1,민간(대학로),2016,120,010-9012-6001, ,서울특별시 종로구 대학로8가길 80 (동숭동),37.5824518,127.00325190000001,Y,N,N,N,N,N,N,Y,Y,N,"
            "
속초문화예술회관,FC000358,2,공공(문예회관),1990,707,033-639-2080, ,강원도 속초시 번영로 155 (영랑동),38.2127835,128.58869170000003,N,N,N,N,N,N,N,N,N,Y,"
            "
안산문화예술의전당,FC000018,4,공공(문예회관),2004,3429,031-481-4000,http://www.ansanart.com/,경기도 안산시 단원구 화랑로 312 (고잔동),37.3196723,126.82255570000007,N,Y,N,Y,N,Y,Y,N,Y,Y,"
            "
상상플레이스 여순광점(여수 웅천 트리마제벨마레 2305호),FC003658,1,민간(대학로 외),2023,0, , ,전라남도 여수시 웅천로 83 (웅천동),34.743686,127.6751029,N,N,N,N,N,N,N,N,N,N,"
            "
BNK부산은행 조은극장,FC001246,3,민간(대학로 외),2009,572,00-1588-2757,http://www.gp-gp.co.kr/,부산광역시 중구 구덕로34번길 4 (남포동2가),35.0983004,129.03232530000002,N,N,N,N,N,N,N,Y,Y,N,"
            "
JB소극장,FC003369,1,민간(대학로 외), ,90, , ,충청남도 천안시 동남구 각원사길 114-8(안서동),36.8290506,127.1844376,N,N,N,N,N,N,N,N,N,N,"
            "
강원대학교 백령아트센터,FC000521,2,공공(기타),1994,1600,033-250-7201,https://kwbc.kangwon.ac.kr/,강원도 춘천시 강원대학길 1 (효자동),37.8691718944428,127.744539492098,N,N,N,Y,N,Y,Y,Y,N,Y,"
            "
아트플러스씨어터,FC000298,2,민간(대학로 외),2011,257,053-422-7679,http://artplustheater.alltheway.kr/,대구광역시 중구 동성로3길 83 (공평동),35.8690444,128.5981021,N,N,N,N,N,N,N,N,N,N,"
            "
군포문화예술회관,FC001167,3,공공(문예회관),1998,2573,031-390-3500,http://www.gunpoart.net/?pid=B,경기도 군포시 고산로 599 (산본동),37.3661695,126.92759120000005,Y,N,Y,Y,N,Y,Y,Y,Y,Y,"
            "
상명대학교 천안캠퍼스,FC003268,1,민간(대학로 외), ,0, , ,충청남도 천안시 동남구 상명대길 31(안서동),36.8313072,127.1809929,N,N,N,N,N,N,N,N,N,Y,"
            "
민들레연극마을,FC001532,3,민간(대학로 외),2007,300,031-358-7587,http://www.mdl.or.kr/home/,경기도 화성시 우정읍 이화뱅곳길 22,37.0378517,126.79807219999998,N,N,N,N,N,N,N,N,N,N,"
            "
대중아트홀,FC002773,1,민간(대학로 외), ,0,032-565-4529, ,인천광역시 서구 검단로768번1길 18 (불로동),37.612644,126.6850428,N,N,N,N,N,N,N,N,N,N,"
            "
민송아트홀 (구. 브로드웨이아트홀),FC001682,2,민간(대학로),2017,466,02-766-8134,http://www.semyung.ac.kr/smenter/sub05_01.do,서울특별시 종로구 대학로 144 (혜화동) 중원빌딩 6층,37.5839463,127.00204540000004,N,N,N,N,N,N,N,N,N,N,"
            "
광주북구문화센터(양산도서관),FC002769,2,공공(기타), ,377,062-410-8367,https://bukgu.gwangju.kr/bcc/,광주광역시 북구 하서로 299 (양산동),35.2013855,126.8738526,N,Y,N,Y,N,N,N,N,N,Y,"
            "
산청문화예술회관,FC000884,2,공공(문예회관),2006,653,055-970-6481,http://www.sccl.ne.kr/www/contents.do?key=232,경상남도 산청군 금서면 친환경로2631번길 12,35.4200512,127.87305990000004,N,N,N,N,N,Y,Y,Y,Y,Y,"
            "
나인진홀 (구.청년극장),FC001121,3,민간(대학로),2010,207,070-4618-5632, ,서울특별시 종로구 동숭길 47 (동숭동),37.580304,127.00424399999997,N,N,N,N,N,N,N,N,N,N,"
            "
대전서구문화원,FC000616,1,공공(기타),1995,523,042-488-5474,http://www.sgcc.or.kr/,대전광역시 서구 계룡로553번길 38 (탄방동),36.3445855,127.38557230000004,N,N,N,N,N,N,N,N,N,Y,"
            "
을숙도문화회관,FC000178,3,공공(문예회관),2002,927,051-220-5804,http://www.saha.go.kr/eulsukdo/contents.do?mId=0103000000,부산광역시 사하구 낙동남로1233번길 25 (하단동),35.1099098,128.94485229999998,N,Y,N,N,N,Y,N,Y,N,Y,"
            "
후용공연예술센터,FC001336,2,민간(대학로 외),2001,440,033-732-0827,http://www.hooyongartscentre.com/main.php,강원도 원주시 문막읍 비야동길 11,37.312596,127.81722890000003,N,N,N,N,N,N,N,N,N,Y,"
            "
봉산문화회관,FC000200,2,공공(문예회관),2004,504,053-661-3500,http://www.bongsanart.org/main/main.html,대구광역시 중구 봉산문화길 77 (봉산동),35.8631367,128.59656180000002,N,N,N,N,N,N,Y,N,N,Y,"
            "
빵집 오붓한생 [목포],FC004064,1,기타(비공연장), ,0,061-242-4985,https://www.instagram.com/ohbood,전라남도 목포시 해안로237번길 24 (행복동2가),34.7875479,126.3859311,N,N,N,N,N,N,N,N,N,N,"
            "
세종문화회관,FC000020,8,공공(문예회관),1978,5342,02-399-1000,http://www.sejongpac.or.kr/,서울특별시 종로구 세종대로 175 (세종로),37.5725254,126.97564290000003,N,N,N,N,N,Y,Y,N,N,Y,"
            "
얼굴박물관 [경기 광주],FC004111,1,기타(비공연장), ,0,031-765-3522,http://www.visagej.org/,경기도 광주시 남종면 분원길 3-6,37.4940051,127.3021274,N,N,N,N,N,N,N,N,N,Y,"
            "
스튜디오 블루,FC002989,1,민간(대학로), ,180,02-725-9207, ,서울특별시 종로구 대학로8가길 80(동숭동),37.5824773,127.003268,N,N,N,N,N,N,N,N,N,N,"
            "
연희예술극장,FC001852,1,민간(대학로 외),2018,115,010-3441-5877,http://yeonheeart.com/INTRO,서울특별시 서대문구 연희맛로 2-3 (연희동),37.5656012,126.92854110000007,N,Y,N,N,N,N,N,N,N,N,"
            "
작은무대 극단가인,FC002535,1,민간(대학로 외),2017,70,070-8704-0421,https://cafe.naver.com/letsplaygain,대구광역시 남구 계명중앙1길 1 (대명동),35.8569632,128.5802129,N,N,N,N,N,N,N,N,N,N,"
            "
국립극단 [용산],FC001111,8,국립,2010,372,00-1644-2003,http://www.ntck.or.kr/,서울특별시 용산구 청파로 373 (서계동),37.5529135,126.96795470000006,N,Y,N,N,N,N,N,N,N,Y,"
            "
창조소극장 (구. 민아트홀),FC001636,1,민간(대학로),2018,100,02-3667-0170,https://changjotheater.modoo.at/,서울특별시 종로구 창경궁로 259 (명륜2가),37.58451489999999,127.0000258,N,N,N,N,N,N,N,N,N,N,"
            "
예스24 스테이지(구. DCF대명문화공장),FC001236,3,민간(대학로),2014,962,02-742-9637,https://yes24stage.com/,서울특별시 종로구 대학로12길 21 (동숭동),37.5827158,127.00324840000007,N,N,N,N,N,N,N,N,N,Y,"
            "
군포시평생학습원,FC002471,1,공공(기타),2006,87,031-390-3050,https://www.happygp.or.kr/,경기도 군포시 고산로 263 (당동),37.3463508,126.9430831,N,N,N,Y,Y,Y,Y,N,N,Y,"
            "
경성대학교 콘서트홀,FC000253,1,민간(대학로 외),1983,669,051-663-5361,https://cms1.ks.ac.kr/culture/Contents.do?mCode=MN0969,부산광역시 남구 수영로 309 (대연동),35.1377291,129.09820539999998,Y,Y,Y,N,N,Y,Y,N,N,Y,"
            "
뉴코아소극장 [부천],FC002478,1,민간(대학로 외),2007,160,032-624-8120,https://nc123.modoo.at/,경기도 부천시 송내대로 239 (상동),37.5041199,126.7566315,Y,Y,N,N,N,Y,Y,N,Y,Y,"
            "
우전소극장,FC000859,1,민간(대학로 외),2005,100,053-653-2086, ,대구광역시 남구 현충로 256 (대명동),35.8552072,128.5832752,N,N,N,N,N,N,N,N,N,N,"
            "
당진문예의전당,FC000424,3,공공(문예회관),2005,1401,041-350-2911,http://www.dangjinart.kr/,충청남도 당진시 무수동2길 25-21 (읍내동),36.8901441,126.63786579999999,N,N,N,N,N,Y,Y,Y,Y,Y,"
            "
한예극장,FC003249,2,민간(대학로), ,671,02-3665-6268,https://hanye.modoo.at/,서울특별시 종로구 이화장길 66(동숭동),37.5782086,127.0047187,N,N,N,N,N,N,N,N,N,N,"
            "
백암아트홀,FC000062,1,민간(대학로 외),2004,417,02-559-1333,http://www.baekamhall.com/,서울특별시 강남구 테헤란로113길 7 (삼성동),37.5103488,127.06596250000007,N,N,N,N,N,Y,N,N,Y,Y,"
            "
구로아트밸리,FC000783,1,공공(문예회관),2008,1124,02-2029-1700,http://www.guroartsvalley.or.kr/,서울특별시 구로구 가마산로25길 9-24 (구로동),37.4965397,126.88896820000002,N,Y,N,N,Y,Y,Y,N,Y,N,"
            "
예술공간 혜화,FC001094,1,민간(대학로),2012,110,02-747-9139, ,서울특별시 종로구 혜화로 10-3 성인빌딩 ,37.5890224,126.99993619999998,N,N,N,N,N,N,N,N,N,N,"
            "
울진문화예술회관,FC000556,1,공공(문예회관),2007,492,054-789-5453,http://www.uljin.go.kr/index.sko?menuCd=AB13000000000,경상북도 울진군 후포면 후포삼율로 194-14,36.6871849,129.44381250000004,N,N,N,N,N,N,N,N,N,Y,"
            "
노원어린이극장(구.노원어울림극장),FC001791,1,공공(문예회관),2020,204,02-2289-3453,https://www.nowonarts.kr/html/,서울특별시 노원구 노해로 502 (상계동),37.6543814,127.06366559999992,N,Y,N,Y,Y,Y,N,N,Y,Y,"
            "
과천시민회관,FC000808,2,공공(문예회관),1995,1309,02-504-7300,http://www.gccs.or.kr/dev_home/facilities/status.php,경기도 과천시 통영로 5 (중앙동),37.4279091,126.98950450000007,Y,Y,N,N,N,Y,N,Y,N,Y,"
            "
윤당아트홀,FC000055,2,민간(대학로 외),2009,417,02-546-8095,http://www.ydart.co.kr/,서울특별시 강남구 언주로 844 (신사동),37.5256519,127.03371519999996,N,N,N,N,N,Y,N,Y,Y,Y,"
            "
남산골한옥마을,FC000568,7,공공(문예회관),2007,452,02-2261-0500,www.hanokmaeul.or.kr,서울특별시 중구 퇴계로34길 28 (필동2가),37.5588388,126.99407270000006,N,Y,N,N,N,Y,N,N,N,Y,"
            "
미마지아트센터,FC000227,3,민간(대학로),2008,382,02-6404-5005,http://www.mimagi.com/,서울특별시 종로구 혜화로 17 (명륜1가),37.5870645,126.99977209999997,N,N,N,N,N,N,N,N,N,N,"
            "
동숭무대소극장,FC001203,1,민간(대학로),2002,150,010-8299-6553,http://cafe.naver.com/dsstage,서울특별시 종로구 혜화로 35 (명륜1가),37.5864426,127.00049820000004,Y,N,N,N,N,N,N,Y,N,N,"
            "
강북문화예술회관,FC000032,2,공공(문예회관),2001,839,02-944-8979,https://www.gbcf.or.kr/,서울특별시 강북구 삼각산로 85 (수유동),37.6407764,127.01315840000007,Y,N,Y,N,N,Y,Y,Y,Y,Y,"
            "
아트포레스트 아트홀,FC001603,2,민간(대학로),2016,367,02-3672-0900, ,서울특별시 종로구 대학로12길 22 (동숭동),37.5825141,127.00306330000001,N,N,N,N,N,N,N,N,N,N,"
            "
마포아트센터,FC000788,3,공공(문예회관),2002,1475,02-3274-8500,http://www.mapoartcenter.or.kr/,서울특별시 마포구 대흥로20길 28 (대흥동),37.5499054542971,126.945526907783,N,N,N,N,N,Y,N,Y,N,Y,"
            "
카페 옴니버스,FC004078,1,기타(비공연장), ,0, , ,"서울특별시 은평구 진관3로 77 (진관동, 은평뉴타운 구파발)",37.6447083,126.9208769,N,N,N,N,N,N,N,N,N,N,"
            "
광명문화예술교육지원센터 광명극장,FC002857,1,공공(기타),2017,480,02-2621-8890,http://gm-arte.or.kr/index.php,경기도 광명시 철망산로 2(하안동),37.4667641,126.8699008,N,N,N,N,N,N,N,N,N,Y,"
            "
NC소극장 [안산고잔],FC002055,1,민간(대학로 외), ,200,031-414-2100,https://ansanart1.modoo.at/,경기도 안산시 단원구 광덕대로 194 (고잔동),37.3138933,126.8310464,Y,Y,Y,Y,Y,Y,N,N,N,Y,"
            "
서교스퀘어,FC004086,1,민간(대학로 외), ,0, , ,"서울특별시 마포구 양화로 72 (서교동, 서교동 효성 해링턴 타워)",37.5508138,126.916494,N,N,N,N,N,N,N,N,N,N,"
            "
세종시민회관,FC004159,1,민간(대학로 외), ,250, , ,세종특별자치시 조치원읍 문화로 17,36.6031468,127.3006865,N,N,N,N,N,N,N,N,N,N,"
            "
정선아리랑센터,FC002264,1,공공(문예회관),2016,612,033-560-3000,http://www.jacf.or.kr/,강원도 정선군 정선읍 애산로 51,37.3754322,128.6714877,N,Y,N,N,N,N,N,N,N,Y,"
            "
공간아울,FC001209,1,민간(대학로),2010,172,02-3675-0116, ,서울특별시 종로구 대학로 120 (동숭동),37.5818372,127.00227960000007,Y,N,N,N,N,N,N,N,N,N,"
            "
강서아트리움,FC003405,1,공공(문예회관), ,215,02-2607-4985, ,서울특별시 강서구 가로공원로 195 (화곡동),37.5375431,126.8376421,N,N,N,N,N,N,N,N,N,N,"
            "
콘텐츠박스(구. 르메이에르 씨어터),FC000841,1,민간(대학로),2006,196,02-747-2232, ,서울특별시 종로구 동숭길 55 (동숭동),37.5807178,127.00416599999994,N,N,N,N,N,N,N,N,N,N,"
            "
횡성문화예술회관,FC001195,2,공공(문예회관),2013,740,033-340-5974,https://hscf.or.kr/bbs/content.php?co_id=sub_07_01,강원도 횡성군 횡성읍 문예로 75,37.4905462,127.97696010000004,N,N,Y,N,Y,Y,Y,Y,Y,Y,"
            "
브로일링커피 강동점,FC004020,1,기타(비공연장), ,0,010-3211-0435, ,서울특별시 강동구 성내로10길 9-6 (성내동),37.5282637,127.1249507,N,N,N,N,N,N,N,N,N,N,"
            "
하늘바람소극장,FC000408,1,민간(대학로 외),2014,0, ,http://cafe.naver.com/habaso,부산광역시 남구 용소로13번길 17 (대연동),35.1367436,129.10148430000004,N,N,N,N,N,N,N,N,N,N,"
            "
골목실험극장,FC002023,1,민간(대학로 외),2017,100,010-6533-2985,https://blog.naver.com/dpas17125/221423484160,대구광역시 남구 계명중앙1길 39-4 (대명동),35.8561262,128.5821888,N,N,N,N,N,N,N,N,N,N,"
            "
거제문화예술회관,FC000878,3,공공(문예회관),2003,1933,055-680-1000,http://www.geojeart.or.kr/,경상남도 거제시 장승로 145 (장승포동),34.8671887,128.72397890000002,N,Y,N,N,N,Y,N,N,N,Y,"
            "
충주시문화회관,FC000405,1,공공(문예회관),1985,889,043-850-3914,https://www.chungju.go.kr/culture/,충청북도 충주시 중앙로 128 (성내동),36.9707081,127.93725459999996,N,N,N,N,N,N,N,N,N,Y,"
            "
올웨이즈 씨어터(구.아티스탄홀),FC000372,1,민간(대학로),2003,299,070-4618-5633, ,서울특별시 종로구 대학로 132 (동숭동),37.5830591,127.00208550000002,N,N,N,N,N,N,N,N,N,N,"
            "
신탄진도서관,FC003942,1,공공(기타), ,0, ,https://lib.daedeok.go.kr/sintanlib/index.do,대전광역시 대덕구 신탄진동로 64 (신탄진동),36.4465053,127.437329,N,N,N,N,N,N,N,N,N,N,"
            "
대전예술의전당,FC000076,3,공공(문예회관),2003,3039,042-270-8333,http://www.djac.or.kr/,대전광역시 서구 둔산대로 135 (만년동),36.3665211,127.3837135,N,Y,N,Y,N,Y,Y,Y,Y,Y,"
            "
이수아트홀 [대전],FC001693,1,민간(대학로 외),2011,282,00-1644-4325,https://isuart.modoo.at/,대전광역시 서구 문정로 78 (탄방동),36.3464125,127.38785259999997,N,Y,N,N,N,N,N,N,Y,N,"
            "
아르코 꿈밭극장 (구.학전),FC000744,3,민간(대학로),1991,374,02-763-8233,http://hakchon.co.kr/,서울특별시 종로구 대학로12길 46 (동숭동),37.58202130000001,127.00370139999995,N,N,N,N,N,N,N,N,N,N,"
            "
대학로스타시티,FC000389,6,민간(대학로),2007,654,02-894-0202, ,서울특별시 종로구 대학로11길 23 (명륜4가),37.5820799726622,127.000480025926,N,Y,Y,N,N,N,N,N,N,N,"
            "
아르코예술극장,FC002632,5,국립,1981,855,02-3668-0007,http://theater.arko.or.kr/Pages/Main.aspx,서울특별시 종로구 대학로8길 7 (동숭동),37.5811855,127.0029999,N,N,N,Y,N,N,N,N,N,Y,"
            "
조이마루아트홀 (복합문화공간 플랜에이),FC001691,2,민간(대학로 외),2014,346,042-862-2221,https://plana2021.modoo.at/,대전광역시 유성구 엑스포로97번길 40 (도룡동),36.3767096,127.39080369999999,Y,Y,N,N,Y,Y,N,N,N,Y,"
            "
한해랑아트홀,FC001365,1,민간(대학로 외),2015,223,00-1644-4356,http://16444356.cusmore.com/,전라북도 전주시 완산구 홍산중앙로 13 (효자동2가),35.8161628,127.10896359999992,N,N,N,N,N,Y,Y,N,Y,Y,"
            "
중랑구민회관,FC000251,2,공공(문예회관),1994,648,02-2207-6130,http://www.jungnangimc.or.kr/content.do?sgrp=S01&siteCmsCd=CM0001&topCmsCd=CM0007&cmsCd=CM0057&pnum=1&cnum=1,서울특별시 중랑구 면목로 238 (면목동),37.5739185,127.0850931,Y,N,N,N,N,Y,N,N,N,Y,"
            "
갈산문화예술센터,FC002940,2,공공(문예회관),2022,299, , ,서울특별시 양천구 목동남로 106(신정동),37.510804,126.8701983,N,Y,N,N,N,N,N,N,N,Y,"
            "
삼일로창고극장,FC000248,1,민간(대학로 외),1975,50,02-3789-9640,http://samilro.com,서울특별시 중구 삼일대로9길 12 (저동1가),37.5633965,126.98788530000002,N,N,N,N,N,N,N,N,N,N,"
            "
놀터예술공방,FC001424,1,민간(대학로),2014,50,070-4790-6051, ,서울특별시 성북구 성북로2길 21 - 0 태고종선부암,37.589462,127.00701389999995,N,N,N,N,N,N,N,N,N,N,"
            "
한옥마을아트홀,FC001418,1,민간(대학로 외),2008,60,063-282-1033,http://cafe.naver.com/woodmge,전라북도 전주시 완산구 홍산북로 23-9 (효자동2가),35.818148,127.1042953,N,N,N,N,N,N,N,N,N,N,"
            "
씨어터조이 (구. 마당세실극장),FC000419,1,민간(대학로),1997,100,02-747-5773, ,서울특별시 종로구 이화장길 78 (동숭동),37.578643,127.00462949999996,N,N,N,N,N,N,N,N,N,N,"
            "
라이트 하우스,FC002829,1,민간(대학로 외), ,0, , ,서울특별시 성북구 삼선교로10다길 74(삼선동1가),37.5837374,127.0084146,N,N,N,N,N,N,N,N,N,N,"
            "
Bibistudio,FC004067,1,민간(대학로 외), ,12, , ,서울특별시 은평구 갈현로 250 (갈현동),37.6191498,126.915675,N,N,N,N,N,N,N,N,N,N,"
            "
춘천문화예술회관,FC000371,2,공공(문예회관),1993,940,033-259-5841,http://www.cccf.or.kr/designer/skin/cafacility/cahallfacility.html,강원도 춘천시 효자상길5번길 13 (효자동),37.8727557,127.72918819999995,N,N,N,N,N,Y,Y,N,N,Y,"
            "
사각사각 플레이스,FC003979,1,공공(기타), ,0, , ,서울특별시 송파구 한가람로 65 (잠실동),37.5176288,127.0867373,N,N,N,N,N,N,N,N,N,N,"
            "
어울림소극장 [원주],FC001288,1,민간(대학로 외),2013,85,010-5366-4545, ,강원도 원주시 중앙로 27 (인동),37.346246,127.95375680000006,N,N,N,N,N,N,N,N,N,N,"
            "
"파랑씨어터 (구. 도향아트홀, 구. 뮤디스홀)",FC000749,1,민간(대학로),2017,160,070-4870-1932, ,서울특별시 종로구 대학로8가길 36 (동숭동),37.5825016130959,127.002454486033,Y,N,N,N,N,N,N,N,N,N,"
            "
청송군문화예술회관,FC001745,3,공공(문예회관),2013,430,054-870-6070,https://www.cs.go.kr/countyOffice/culture/00003360.web,경상북도 청송군 청송읍 금월로 244-30,36.4295305,129.05953249999993,N,N,N,N,N,N,N,N,N,Y,"
            "
목포시민문화체육센터,FC000491,3,공공(문예회관),2004,2057,061-270-8376,http://art.mokpo.go.kr/,전라남도 목포시 부주로 312 (옥암동),34.8122752,126.43679280000003,Y,N,N,N,N,Y,Y,Y,Y,Y,"
            "
충남대학교 정심화국제문화회관,FC001296,3,공공(기타),2000,2395,042-821-8081,https://jsh.cnu.ac.kr/smain.html,대전광역시 유성구 대학로 99,36.3679381,127.3442986,N,Y,Y,N,N,Y,N,Y,N,Y,"
            "
극장 봄 (봄소극장),FC001331,1,민간(대학로),2011,55,070-4127-8318,http://theaterbom.modoo.at,서울특별시 성북구 삼선교로 14 (삼선동1가),37.5875069,127.00735239999994,N,N,N,N,N,N,N,N,N,N,"
            "
공주문예회관,FC000415,2,공공(문예회관),1990,735,041-840-2180,http://acc.gongju.go.kr/,충청남도 공주시 고마나루길 5 (웅진동),36.46003280000001,127.11140380000006,N,Y,N,Y,N,Y,N,Y,N,Y,"
            "
원주중앙청소년문화의집,FC001279,2,민간(대학로 외),2010,160,033-734-3688,http://www.wjyc.or.kr/,강원도 원주시 중앙로 89 (중앙동),37.3489059,127.95101010000008,N,Y,N,N,N,N,N,N,N,N,"
            "
대학로예술극장,FC002633,4,국립,2009,999,02-3668-0007,http://theater.arko.or.kr/Pages/Main.aspx,서울특별시 종로구 대학로10길 17 (동숭동),37.5820961,127.0031785,N,N,N,N,N,N,N,N,N,Y,"
            "
제주시 산지천 광장 일대,FC003792,1,기타(비공연장), ,0, , ,제주특별자치도 제주시 만덕로 18 (건입동),33.5150321,126.531518,N,N,N,N,N,N,N,N,N,N,"
            "
하땅세극장,FC003122,1,민간(대학로), ,0,00-1600-2238,https://blog.naver.com/haddangse2,서울특별시 성북구 성북로 5-7(성북동1가),37.5887016,127.0051567,N,N,N,N,N,N,N,N,N,N,"
            "
서귀포예술의전당,FC001231,3,공공(문예회관),2014,1115,064-760-3341,https://culture.seogwipo.go.kr/artcenter/index.htm,제주특별자치도 서귀포시 태평로 270 (서홍동),33.2452306,126.55175259999999,N,N,N,Y,N,N,Y,Y,Y,Y,"
            "
떼아뜨르 다락 소극장,FC001375,1,민간(대학로 외),2011,90,032-777-1959,http://cafe.daum.net/theatre-dalak,인천광역시 중구 신포로27번길 3 (중앙동4가),37.4714118,126.62473279999995,N,N,N,N,N,N,N,N,N,N,"
            "
평촌아트홀,FC001245,1,공공(문예회관),2004,638,031-687-0500,http://www.ayac.or.kr/,경기도 안양시 동안구 평촌대로 76 (호계동),37.3801134,126.96406060000004,N,Y,N,Y,N,Y,Y,Y,Y,Y,"
            "
굿씨어터,FC001240,1,민간(대학로),2004,320,00-1800-7382, ,서울특별시 종로구 대학로 144 (혜화동),37.586755,127.00035539999999,N,N,N,N,N,Y,N,N,N,Y,"
            "
청라복합문화센터 블루노바홀,FC002833,1,공공(문예회관),2021,486,032-580-1196,https://iscf.kr/_new/html/centerIntro/cheongna.php,인천광역시 서구 청라대로 20 (청라동),37.5240132,126.6341822,N,Y,N,N,N,Y,N,Y,N,Y,"
            "
SH아트홀,FC001384,1,민간(대학로),2011,260,02-747-2265,https://www.facebook.com/sharthall/,서울특별시 종로구 동숭길 25 (동숭동),37.5798541,127.0035752,N,Y,N,N,N,N,N,N,N,N,"
            "
경복궁아트홀,FC000194,1,민간(대학로 외),2012,155,02-735-0506,https://gbgarthall.modoo.at/,서울특별시 종로구 자하문로 82 (효자동),37.5833005,126.97069980000003,N,N,N,N,N,N,N,N,N,N,"
            "
뜻밖의 극장(구. 해우소소극장),FC001671,1,민간(대학로 외),2018,50,02-921-5080,https://blog.naver.com/theatre-uex,서울특별시 성북구 동소문로20나길 27 (동선동1가),37.59245,127.0181255,N,N,N,N,N,N,N,N,N,N,"
            "
CTS아트홀,FC001472,1,민간(대학로 외),2005,404,02-6333-1071,http://rent.ctsart.co.kr/,서울특별시 동작구 노량진로 100 (노량진동),37.5129255,126.93698640000002,N,N,N,N,N,Y,Y,N,N,Y,"
            "
김포한강괜찮은홀,FC002017,1,민간(대학로 외), ,110,070-8886-2516, ,경기도 김포시 양촌읍 석모로 103 (석모리),37.651561,126.6394602,N,N,N,N,N,N,N,N,N,Y,"
            "
링크아트센터드림,FC001528,4,민간(대학로),2016,979,02-3481-8843,http://blog.naver.com/dreamartcenter,서울특별시 종로구 동숭길 123 (동숭동),37.5820171,127.00353629999995,N,Y,N,N,N,N,N,N,N,N,"
            "
다산아트홀,FC001931,1,공공(문예회관),2018,496,031-590-4358,https://culture.nyj.go.kr/home/1,경기도 남양주시 다산중앙로 7 (다산동),37.6140062,127.1553452,N,Y,N,N,N,Y,N,N,N,Y,"
            "
후암씨어터(콘텐츠룸),FC002782,1,민간(대학로), ,100, , ,서울특별시 종로구 대학로11길 23 (명륜4가),37.5820588,127.0004181,N,N,N,N,N,N,N,N,N,N,"
            "
"시온아트홀 (구. JK아트홀, 구. 샘아트홀)",FC001298,1,민간(대학로),2017,144,070-8719-9106,https://www.wwww.theblessed.net/,서울특별시 종로구 대학로8가길 52 (동숭동),37.5829439,127.00262709999992,N,N,N,N,N,N,N,N,N,N,"
            "
올래홀,FC000736,1,민간(대학로),2005,172,00-1566-5588, ,서울특별시 종로구 대학로10길 24 (동숭동),37.5815685,127.00353990000008,N,N,N,N,N,N,N,N,N,N,"
            "
더더더,FC003918,1,민간(대학로 외), ,0, , ,서울특별시 중구 을지로38길 9-4 (광희동1가),37.5660433,127.0039785,N,N,N,N,N,N,N,N,N,N,"
            "
공간 222,FC001543,1,민간(대학로 외),2016,33,010-5584-8875, ,서울특별시 성북구 동소문로 24 (동소문동2가),37.5893416,127.00876829999993,N,N,N,N,N,N,N,N,N,N,"
            "
공백공유,FC003789,1,민간(대학로 외), ,70, , ,서울특별시 성북구 솔샘로 73-16 (정릉동),37.6136085,127.0078043,N,N,N,N,N,N,N,N,N,N,"
            "
인천문화예술회관,FC000013,5,공공(문예회관),1994,2258,032-427-8401,http://art.incheon.go.kr/,인천광역시 남동구 예술로 149 (구월동),37.4477666,126.70008329999996,N,N,N,Y,Y,Y,Y,Y,Y,Y,"
            "
인터뮤직홀,FC003248,1,민간(대학로 외), ,0,010-3311-0015, ,대전광역시 중구 보문로254번길 33(대흥동),36.3260063,127.4238914,N,Y,N,N,N,N,N,N,N,Y,"
            "
지니아트홀,FC003172,1,민간(대학로 외), ,0,062-227-2277, ,광주광역시 동구 제봉로 116(장동),35.1487165,126.9222332,N,N,N,N,N,N,N,N,N,N,"
            "
홈플러스 [천안신방점],FC002054,1,민간(대학로 외), ,150,041-552-2080,https://corporate.homeplus.co.kr/STORE/HyperMarket_view.aspx?sn=0171,충청남도 천안시 동남구 신촌1길 23 (신방동),36.7871522,127.1204627,Y,Y,N,Y,N,Y,Y,Y,Y,Y,"
            "
군위 삼국유사교육문화회관,FC000865,1,공공(문예회관),2007,473,054-380-7212,http://www.gunwiart.go.kr/,경상북도 군위군 군위읍 군청로 158,36.237268,128.57393809999996,N,N,N,Y,N,Y,Y,Y,Y,Y,"
            "
해바라기소극장 [부산],FC001920,1,민간(대학로 외), ,119,00-1600-1716, ,부산광역시 남구 용소로13번길 30 (대연동),35.1367693,129.1022655,N,N,N,N,N,N,N,N,N,N,"
            "
유니플렉스,FC001233,3,민간(대학로),2013,1049,02-766-2115,http://www.uniplex.co.kr/,서울특별시 종로구 대학로12길 64 (동숭동),37.5811328,127.00369969999997,N,Y,N,N,N,N,N,N,N,Y,"
            "
홍천문화예술회관,FC000754,1,공공(문예회관),1995,497,033-439-5800,https://www.hccf.or.kr/Home/H30000/H30100/spaceList#spaceArea_8,강원도 홍천군 홍천읍 설악로 1792,37.68890409999999,127.89545399999997,N,N,N,N,N,Y,N,Y,Y,Y,"
            "
꿈나무극장,FC001541,1,공공(기타),2016,153,02-830-2562,https://www.guroartsvalley.or.kr/user/overall/overallArt5.do,서울특별시 구로구 구로동로26길 54 (구로동),37.4898684,126.88724649999995,N,N,N,N,N,Y,Y,N,Y,Y,"
            "
꿈꾸는씨어터,FC001381,1,민간(대학로 외),2013,120,00-1600-8325,http://www.kkumter.co.kr,대구광역시 남구 현충로 148 (대명동),35.8460663,128.5804197,N,N,N,N,N,N,N,N,N,Y,"
            "
극장 PLOT,FC003048,1,민간(대학로 외), ,0,010-4334-2862,https://theaterplot.notion.site/PLOT-128e99f65330414d95e2850bdb2be1dd,서울특별시 서대문구 연세로4길 27(창천동),37.5576008,126.9381984,N,N,N,N,N,N,N,N,N,N,"
            "
도시재생지원센터 어반아트홀(청주),FC003619,1,공공(기타), ,180,043-222-1434,http://www.curs.or.kr/,충청북도 청주시 상당구 중앙로 36 (북문로2가),36.6405022,127.4890366,N,N,N,N,N,N,N,N,N,N,"
            "
업스테이지 (UP Stage),FC002072,1,민간(대학로), ,153,070-4792-8342,https://www.spacecloud.kr/space/30147,서울특별시 종로구 동숭길 41 (동숭동),37.5801085,127.0042703,N,N,N,N,N,N,N,N,N,N,"
            "
씨어터 쿰,FC002588,1,민간(대학로), ,111,02-6085-0015, ,서울특별시 종로구 창경궁로 253-7 (명륜2가),37.5844442,126.9994928,N,N,N,N,N,N,N,N,N,Y,"
            "
안똔체홉극장,FC001137,2,민간(대학로),2007,65,02-745-8960,http://www.chekhov.co.kr,서울특별시 종로구 성균관로3길 23 (명륜3가),37.5830504,126.99701000000004,N,N,N,N,N,N,N,N,N,N,"
            "
신라불교초전지,FC003816,1,기타(비공연장), ,0, , ,경상북도 구미시 도개면 도개다곡길 389-46,36.2909092,128.3633378,N,N,N,N,N,N,N,N,N,N,"
            "
어썸파티룸1호점,FC003807,1,기타(비공연장), ,50,00-1482-1201, ,서울특별시 광진구 동일로22길 95 (화양동),37.5410819,127.0694473,N,N,N,N,N,N,N,N,N,N,"
            "
렌더,FC003827,1,기타(비공연장), ,0, , ,서울특별시 성동구 마조로5길 4 (행당동 4-33) 지하1층,37.5601167,127.0405752,N,N,N,N,N,N,N,N,N,N,"
            "
나비아트홀,FC001420,1,민간(대학로 외),2015,120,055-275-0618,http://www.nabiart.org/,경상남도 창원시 성산구 용지로169번길 11-13(용호동),35.2299871,128.6810528,N,N,N,N,N,N,N,N,N,N,"
            "
남도소리울림터,FC001396,1,공공(문예회관),2015,558,061-981-6688,http://namdosori.or.kr/,전라남도 무안군 삼향읍 남악로 222,34.8048793,126.46175319999998,N,N,N,N,N,N,N,N,N,Y,"
            "
씩씩 뮤직바,FC003853,1,민간(대학로 외), ,50, , ,서울특별시 성동구 왕십리로 114 (성수동1가),37.5476854,127.044746,N,N,N,N,N,N,N,N,N,N,"
            "
해운대문화회관,FC000832,3,공공(문예회관),2007,588,051-749-7651,https://www.haeundae.go.kr/culture/index.do,부산광역시 해운대구 양운로 97 (좌동),35.1711676,129.1740165,N,Y,N,Y,Y,Y,Y,N,N,Y,"
            "
대진대학교,FC001950,3,기타(비공연장),2012,6304,031-539-1114,http://www.daejin.ac.kr/index.do?sso=ok,경기도 포천시 호국로 1007 (선단동),37.8734346,127.1573986,Y,Y,Y,N,N,Y,Y,N,N,Y,"
            "
을지공간,FC001847,1,민간(대학로 외),2018,45,010-2104-7293,https://www.euljispace.com/,서울특별시 중구 창경궁로5길 5 (을지로4가),37.5670744,126.9976782,N,Y,N,N,N,N,N,N,N,N,"
            "
광화문아트홀,FC001177,1,공공(문예회관),2008,340, , ,서울특별시 종로구 인왕산로1길 21 (사직동),37.5742102,126.96464839999999,N,N,N,N,N,Y,Y,Y,N,N,"
            "
후암스테이지,FC002777,2,민간(대학로),2003,230, ,https://m.cafe.daum.net/mimania,서울특별시 종로구 대학로11길 23 (명륜4가),37.5820588,127.0004181,N,N,N,N,N,N,N,N,N,N,"
            "
대학로 마로니에소극장(플레이더씨어터),FC000769,1,민간(대학로),1987,100,02-764-0686,http://cafe.naver.com/artfactoryshow,서울특별시 종로구 동숭길 50 (동숭동),37.5805247,127.00456029999998,N,N,N,N,N,N,N,N,N,N,"
            "
극장 동국,FC001226,1,민간(대학로),2014,82,02-747-5296,https://www.facebook.com/PalyDongGuk,서울특별시 종로구 창경궁로 259,37.58451489999999,127.0000258,N,N,N,N,N,N,N,N,N,N,"
            "
울산중구문화의전당,FC001328,5,공공(문예회관),2014,1022,052-290-4000,http://artscenter.junggu.ulsan.kr,울산광역시 중구 종가로 405 (성안동),35.5675422,129.3215364,Y,Y,N,N,N,Y,N,N,N,Y,"
            "
구석으로부터,FC001684,1,민간(대학로 외),2016,20,010-6412-2870,http://blog.naver.com/onthecorner2016,대전광역시 동구 중앙로203번길 88-1 (정동),36.334227,127.42910210000002,N,N,N,N,N,N,N,N,N,N,"
            "
을지로브이,FC003851,1,기타(비공연장), ,0, , ,서울특별시 중구 충무로 51 (을지로3가) 4층,37.565791,126.9924978,N,N,N,N,N,N,N,N,N,N,"
            "
김영오 아트센터,FC002905,1,민간(대학로 외), ,190,063-227-8287,https://blog.naver.com/kyoartcenter,전라북도 전주시 완산구 홍산북로 23-9(효자동2가),35.818148,127.1042953,N,N,N,N,N,N,N,N,N,Y,"
            "
더 줌 아트센터,FC001994,1,민간(대학로 외),2013,128,02-790-6792,http://thezoom.kr/index.php,서울특별시 용산구 독서당로 111 (한남동),37.5369721,127.0094906,N,N,N,N,N,N,N,N,N,N,"
            "
종로아이들극장,FC001435,1,공공(기타),2016,281,02-2088-4290,https://jct.jfac.or.kr/site/child/home,서울특별시 종로구 성균관로 91 - 0 국민생활관,37.59043399999999,126.99877470000001,N,N,N,N,Y,Y,N,N,N,Y,"
            "
천안예술의전당,FC001383,4,공공(문예회관),2012,2085,00-1566-0155,http://www.cnac.or.kr/,충청남도 천안시 동남구 성남면 종합휴양지로 185,36.7561303,127.2248886,N,N,N,N,N,Y,Y,N,N,Y,"
            "
김수현드라마아트홀,FC003362,1,민간(대학로 외), ,115,043-225-9262,http://kimsoohyundrama.org/,충청북도 청주시 상당구 우암산로41번길 21(수동),36.6413094,127.4941215,N,N,N,N,N,N,N,N,N,N,"
            "
런던스테이지,FC003590,1,민간(대학로 외),2023,110,070-4169-0700, ,대전광역시 서구 대덕대로175번길 16 (둔산동),36.3496868,127.3763274,N,N,N,N,N,N,N,N,N,N,"
            "
인천서구문화회관,FC000845,3,공공(문예회관),1995,1401,032-580-1150,http://www.iscf.kr,인천광역시 서구 서달로 190 (가정동),37.5156728,126.6798708,N,Y,N,N,N,Y,N,Y,N,Y,"
            "
모두예술극장,FC003609,1,민간(대학로 외),2023,259,02-760-9769,http://moduarttheater.or.kr/teaser/,서울특별시 서대문구 충정로 7 (충정로3가),37.5601124,126.9622821,N,N,N,N,N,N,N,N,N,N,"
            "
아하아트홀,FC001312,1,민간(대학로 외),2011,60,010-4120-3840, ,전라북도 전주시 완산구 전주객사4길 74-11 (고사동),35.8212461,127.14353069999993,N,N,N,N,N,N,N,N,N,N,"
            "
보림인형극장,FC001620,1,민간(대학로 외),2010,200,031-955-3456,http://www.borimtheater.com/home/index.php,경기도 파주시 광인사길 88 (문발동) 보림출판사,37.7115282,126.68613329999994,N,Y,N,N,N,Y,N,N,N,Y,"
            "
기분좋은극장 [상무지구],FC001234,1,민간(대학로 외),2011,250,062-374-3304,http://www.goplay.co.kr/,광주광역시 서구 상무중앙로 90 (치평동) 우리은행상무지점,35.1548601,126.84892349999996,N,N,N,N,N,N,N,Y,Y,N,"
            "
김해문화의전당,FC001170,3,공공(문예회관),2005,2505,055-320-1234,http://www.gasc.or.kr/,경상남도 김해시 김해대로 2060 (내동),35.22784261716,128.863909609837,Y,Y,N,Y,Y,Y,Y,Y,N,Y,"
            "
김정문화회관,FC000915,1,공공(기타),2003,330,064-760-3579,http://culture.seogwipo.go.kr/kimjeong/index.htm,제주특별자치도 서귀포시 김정문화로 32 (강정동),33.2511819,126.50818700000002,Y,Y,Y,N,N,Y,Y,N,Y,Y,"
            "
해녀의부엌,FC002139,1,민간(대학로 외), ,34, ,http://www.haenyeo.space/,제주특별자치도 제주시 구좌읍 해맞이해안로 2265,33.4978223,126.9121785,Y,Y,Y,Y,Y,Y,Y,N,Y,Y,"
            "
송파어린이문화회관,FC003364,1,공공(기타),2010,154,02-449-0505,http://www.songpakids.com/,서울특별시 송파구 중대로 235(오금동),37.5027425,127.1284004,N,N,N,N,N,N,N,N,N,Y,"
            "
함안문화예술회관,FC000584,3,공공(문예회관),2005,650,055-580-3608,www.haman.go.kr/art.web,경상남도 함안군 가야읍 함안대로 619-1,35.283282,128.4012381,N,N,N,N,N,Y,Y,Y,Y,Y,"
            "
대백프라자,FC000293,2,민간(대학로 외),2004,314,053-420-8088,http://www.debec.co.kr/,대구광역시 중구 명덕로 333 (대봉동) 대백프라자,35.8559656,128.6063335,Y,Y,N,N,Y,Y,Y,Y,Y,Y,"
            "
대학로 자유극장 (자유문화발전소),FC000785,1,민간(대학로),2005,233,02-743-0661, ,서울특별시 종로구 대학로12길 31 (동숭동),37.5827026,127.00360520000004,N,N,N,N,N,N,N,N,N,Y,"
            "
문화예술전용극장CT,FC000292,1,민간(대학로 외),2007,270,053-252-5733,http://cafe.daum.net/artCT,대구광역시 중구 중앙대로 394 (남일동),35.868322,128.59401389999994,N,N,N,N,N,N,N,N,N,N,"
            "
5.18기념문화센터,FC000420,2,공공(문예회관),2001,1087,062-376-5197,http://518center.gwangju.go.kr/,광주광역시 서구 내방로 152 (쌍촌동),35.1570531,126.85815600000001,N,N,N,N,N,Y,N,N,N,Y,"
            "
대전시립연정국악원,FC001415,2,공공(문예회관),2015,1088,042-270-8500,https://www.daejeon.go.kr/kmusic/,대전광역시 서구 둔산대로 181 (만년동),36.3555511,127.38994500000001,N,N,N,Y,N,Y,Y,Y,Y,Y,"
            "
오디너리 랩 스튜디오,FC003952,1,민간(대학로 외), ,0, ,https://blog.naver.com/ordinary_lab_studio,서울특별시 서초구 사평대로 353 (반포동),37.5042494,127.0217889,N,N,N,N,N,N,N,N,N,N,"
            "
실험무대702,FC003832,1,민간(대학로 외), ,50, , ,서울특별시 서대문구 홍제천로 116 (연희동),37.5751406,126.9269318,N,N,N,N,N,N,N,N,N,N,"
            "
열린아트홀,FC001526,1,민간(대학로 외),2012,50,051-527-0123,http://cafe983.daum.net/_c21_/home?grpid=oQ1r,부산광역시 동래구 온천장로 7 (온천동),35.2129733,129.07876090000002,N,Y,N,N,N,N,N,N,N,N,"
            "
곡성레저문화센터,FC000927,1,공공(문예회관),2010,405,061-360-8343,http://www.gokseong.go.kr/leisure/?pid=7,전라남도 곡성군 곡성읍 곡성로 855 곡성레저문화센터,35.280205,127.29703819999997,N,N,N,N,N,Y,N,N,N,Y,"
            "
군산어린이공연장,FC002169,1,공공(기타),2016,330,063-454-5743, ,전라북도 군산시 대학로 330 (나운동),35.9645869,126.693096,N,N,N,N,N,Y,N,Y,N,Y,"
            "
소극장 플랫폼74,FC002677,1,민간(대학로),2020,70,010-5150-9402, ,서울특별시 종로구 동숭길 74 (동숭동),37.5815333,127.0043015,N,N,N,N,N,N,N,N,N,N,"
            "
가온아트홀 [부산],FC000838,2,민간(대학로 외),2012,370,00-1600-1602,http://gaonart.alltheway.kr/,부산광역시 동구 자성로 133번길 10,35.1381412947754,129.065077043576,N,Y,N,N,N,N,N,N,N,Y,"
            "
부천아트센터,FC003150,2,공공(기타),2023,1749,00-1533-0202,https://www.bac.or.kr/home/ko/main,경기도 부천시 소향로 165(중동),37.5021641,126.7663981,N,N,N,N,N,N,N,N,N,N,"
            "
북촌창우극장,FC001066,1,민간(대학로 외),1993,100,02-747-3809,https://bcchangwoo.modoo.at/,서울특별시 종로구 창덕궁길 29-6 (원서동),37.5788675,126.98884450000003,N,N,N,N,N,N,N,N,N,N,"
            "
거창 수승대,FC001436,7,민간(대학로 외),2003,2900,055-940-8530,https://www.geochang.go.kr/ssd/Index.do,경상남도 거창군 은하리길 2  수승대관리사무소 수승대,35.7605757,127.83200950000003,N,N,N,N,N,Y,N,N,N,Y,"
            "
예술의전당 [서울],FC000001,11,국립,1988,164344,02-580-1300,http://www.sac.or.kr,서울특별시 서초구 남부순환로 2406 (서초동),37.4786896,127.01182410000001,Y,Y,Y,Y,Y,Y,Y,Y,Y,Y,"
            "
VERY(베리컴퍼니),FC001845,2,민간(대학로), ,270,02-3674-2525, ,서울특별시 종로구 동숭3길 30 (동숭동),37.5822989,127.00477669999998,N,Y,N,N,N,N,Y,N,Y,N,"
            "
거창연극고등학교,FC004004,1,공공(기타),2020,0,055-945-5010,https://gths-h.gne.go.kr/,경상남도 거창군 위천면 모동길 11-15,35.7560293,127.8343048,N,N,N,N,N,N,N,N,N,Y,"
            "
경성대학교 예노소극장,FC001795,1,민간(대학로 외),1997,220,051-620-4561, ,부산광역시 남구 수영로 309 (대연동),35.1384353,129.0997228,Y,Y,Y,N,N,Y,Y,N,N,Y,"
            "
광양시문화예술회관,FC000743,2,공공(문예회관),1996,679,061-797-2529,http://www.gwangyang.go.kr/tour_culture/index.gwangyang?menuCd=DOM_000000409001002001,전라남도 광양시 광양읍 향교길 9-30,34.9799827,127.58758920000002,N,N,N,N,N,Y,N,Y,N,Y,"
            "
문화공간 새벽 (구. 연극창고 새벽),FC000949,1,민간(대학로 외),2007,108,043-286-7979,http://cafe.daum.net/sabyuk/,충청북도 청주시 서원구 수곡로 28 (수곡동),36.6148911,127.4745811,N,N,N,N,N,N,N,N,N,N,"
            "
해녀의부엌 [북촌],FC002873,1,민간(대학로 외), ,14,064-783-1225, ,제주특별자치도 제주시 조천읍 북촌9길 31,33.5498683,126.6934324,N,N,N,N,N,N,N,N,N,N,"
            "
벙커111(BUNKER111),FC003889,1,민간(대학로 외), ,60, ,https://www.instagram.com/bunker111_theater/,광주광역시 동구 중앙로 149-5 (호남동),35.1479726,126.9121084,N,N,N,N,N,N,N,N,N,N,"
            "
정심아트홀,FC003561,1,민간(대학로 외),2023,83,043-255-7774, ,충청북도 청주시 상당구 교서로 16-5 (영동),36.6382992,127.486879,N,N,N,N,N,N,N,N,N,N,"
            "
한남대학교 56주년기념관,FC001593,1,민간(대학로 외),1986,2042,042-629-8099,http://www.hannam.ac.kr/,대전광역시 대덕구 한남로 70 (오정동),36.3544294,127.42272969999999,Y,Y,Y,N,N,Y,N,N,Y,Y,"
            "
소극장 길,FC001553,1,민간(대학로 외),2016,100,010-9260-3520,https://www.facebook.com/%EA%B7%B9%EB%8B%A8%ED%95%98%EB%A3%A8-1838948139710786/?ref=page_internal,대구광역시 남구 명덕로22길 27 (대명동),35.8559355,128.58122119999996,N,Y,N,N,N,N,N,N,N,N,"
            "
블라인드아트홀,FC002219,1,민간(대학로 외),2019,70,070-8254-2182,http://blindarthall.com/,서울특별시 광진구 아차산로 331-1 (자양동),37.5376806,127.0799086,N,N,N,N,N,N,N,N,N,N,"
            "
서울대학교,FC002611,4,공공(기타), ,115,02-880-5114, ,서울특별시 관악구 관악로 1 (신림동),37.4680381,126.9592943,N,N,N,N,N,Y,N,N,N,Y,"
            "
공간 파란여우,FC003838,1,민간(대학로 외), ,0, ,https://www.spacecloud.kr/space/49633,서울특별시 성북구 삼선교로16길 14 (삼선동2가 110),37.587684,127.0104435,N,N,N,N,N,N,N,N,N,N,"
            "
이음아트홀 [대전],FC001255,1,민간(대학로 외),2014,180,042-252-0887, ,대전광역시 유성구 도안대로 591 (봉명동),36.3531322,127.34079280000003,N,Y,N,N,N,N,N,N,N,Y,"
            "
대학로 스카이씨어터,FC001091,2,민간(대학로),2010,330,070-4106-8889, ,서울특별시 종로구 대학로8가길 52 (동숭동),37.5829439,127.00262709999992,N,N,N,N,N,N,N,N,N,N,"
            "
에저또소극장 [부산],FC001140,1,민간(대학로 외),2008,0,051-852-9161,https://cafe.daum.net/ejotto,부산광역시 남구 수영로293번길 42 (대연동),35.1431981,129.09650169999998,N,N,N,N,N,N,N,N,N,N,"
            "
올림아트센터 (구.스튜디오76),FC001132,1,민간(대학로),2013,210,010-5262-4611,https://erang.modoo.at/,서울특별시 종로구 이화장길 99 (동숭동),37.5835101,127.00192219999997,N,N,N,N,N,N,N,N,N,N,"
            "
금산다락원 생명의집,FC000418,2,공공(문예회관),2004,954,041-750-4421,http://www.daragwon.net/,충청남도 금산군 금산읍 금산로 1559,36.1127758,127.49221,N,N,N,Y,N,Y,N,Y,N,Y,"
            "
연우소극장,FC000526,1,민간(대학로),1987,100,02-744-7090,https://iyeonwoo.modoo.at/,서울특별시 종로구 창경궁로35길 21 (혜화동),37.5869515,127.00175280000008,N,N,N,N,N,N,N,N,N,N,"
            "
강화문예회관,FC000208,2,공공(문예회관),1991,1509,032-930-7046,http://www.ghss.or.kr/,인천광역시 강화군 강화읍 고비고개로19번길 12,37.7453095,126.47495819999995,N,N,N,N,N,Y,N,Y,N,Y,"
            "
소극장 공유,FC001266,1,민간(대학로),2009,80,010-4879-0255,https://theater0you.modoo.at/,서울특별시 종로구 창경궁로 303 (혜화동),37.5875719,127.00320060000001,N,N,N,N,N,N,N,N,N,N,"
            "
아트스페이스 다스름,FC004024,1,민간(대학로 외), ,80, , ,경기도 여주시 소양로 33 (하동),37.295693,127.629877,N,N,N,N,N,N,N,N,N,N,"
            "
세종예술의전당,FC002877,5,공공(기타),2022,1071,044-850-8921,https://www.sjac.or.kr/,세종특별자치시 국립박물관로 21(나성동),36.4866708,127.2673677,N,N,N,N,N,N,N,N,N,Y,"
            "
서강대 메리홀,FC001216,2,민간(대학로 외),1970,528,02-705-8743,maryhall.sogang.ac.kr/,서울특별시 마포구 백범로 35 서강대학교,37.5499528,126.93911270000001,N,N,N,N,N,N,N,N,N,Y,"
            "
춘천시 청소년수련관,FC003912,1,공공(기타), ,0, ,https://blog.naver.com/ccycymca,강원특별자치도 춘천시 백령로119번길 26 (효자동),37.8737792,127.7400525,N,N,N,N,N,N,N,N,N,N,"
            "
우진문화공간,FC001269,1,민간(대학로 외),1991,162,063-272-7223,http://woojin.or.kr/index.html,전북특별자치도 전주시 덕진구 전주천동로 376 (진북동),35.8275126,127.1304119,N,N,N,N,N,N,Y,N,N,Y,"
            "
서울문화재단 대학로극장 쿼드(예술청),FC003018,2,공공(문예회관),2022,422,02-758-2145,https://www.sfac.or.kr/site/SFAC_KOR/09/10911010000002021111611.jsp,서울특별시 종로구 동숭길 122(동숭동),37.583699,127.0037167,N,Y,N,N,N,N,Y,Y,Y,N,"
            "
산울림소극장,FC000798,1,민간(대학로 외),1985,72,02-334-5915,www.sanwoollim.kr,서울특별시 마포구 와우산로 157 (서교동),37.555046,126.9300776,N,N,N,N,N,N,N,N,N,N,"
            "
용천지랄소극장,FC000872,1,민간(대학로 외),2008,80,051-625-0767,http://blog.naver.com/golmok58/70146236412,부산광역시 남구 용소로13번길 36-1 (대연동),35.1368435,129.10258620000002,Y,N,N,N,N,N,N,N,N,N,"
            "
종로여가,FC003050,1,기타(비공연장), ,0, ,https://blog.naver.com/local_concierge_cafe,서울특별시 종로구 창신길 55(창신동),37.5741515,127.010447,N,N,N,N,N,N,N,N,N,N,"
            "
전주 기접놀이전수관,FC003375,2,민간(대학로 외), ,0,063-225-0505,https://www.jeonjukijeopnori.org/,전라북도 전주시 완산구 세내로 39 (삼천동2가),35.7953716,127.1084292,N,N,N,N,N,N,N,N,N,N,"
            "
순천문화예술회관,FC000493,2,공공(문예회관),1993,1066,061-749-8612,http://art.suncheon.go.kr/scart/,전라남도 순천시 삼산로 16 (석현동),34.9705841,127.4853144,N,N,N,N,N,N,N,N,N,Y,"
            "
제주아트센터,FC000262,2,공공(문예회관),2010,2064,064-728-1509,http://arts.jejusi.go.kr/,제주특별자치도 제주시 오남로 231 (오라이동),33.4751552,126.51550610000004,N,Y,N,Y,N,Y,Y,Y,N,Y,"
            "
한바탕 소극장,FC003776,1,민간(대학로 외), ,0, , ,서울특별시 송파구 송이로32길 19 (문정동),37.4882251,127.1277366,N,N,N,N,N,N,N,N,N,N,"
            "
철원군 화강문화센터,FC000755,1,공공(문예회관),2010,348,033-450-5591,https://hwagang.or.kr,강원도 철원군 서면 약수로 3 화강문화센터,38.2451525,127.42645429999993,Y,N,N,Y,N,Y,Y,N,Y,Y,"
            "
씨어터 송,FC001283,1,민간(대학로 외),2012,100,070-8843-0088,http://www.theatresong.com/,서울특별시 서초구 법원로3길 22 (서초동),37.4931781,127.00825269999996,N,N,N,N,N,N,N,N,N,N,"
            "
부산메트로홀 (구. AN아트홀 광안),FC001200,1,민간(대학로 외),2008,180,00-1600-0316,https://playthebusan.modoo.at/,부산광역시 수영구 광안로 4 (광안동),35.1574353,129.11533269999995,N,N,N,N,N,N,Y,Y,Y,N,"
            "
용인어린이상상의숲,FC002081,1,공공(기타),2019,150,031-323-6500,http://www.yicf.or.kr/lib/mainPage.do,경기도 용인시 처인구 동백죽전대로 61 (삼가동),37.2503893,127.1655069,N,Y,N,Y,Y,Y,N,N,N,Y,"
            "
김천시립율곡도서관,FC003446,1,민간(대학로 외),2022,464,054-421-0200,https://www.gcl.go.kr/#secondPage,경상북도 김천시 용전1로1길 17 (율곡동),36.1221659,128.1888068,N,N,N,N,N,Y,N,N,N,Y,"
            "
한성아트홀(구. 인켈아트홀),FC000152,2,민간(대학로),1990,400,02-741-0251, ,서울특별시 종로구 창경궁로 254 (명륜2가),37.5728677,126.99707860000001,N,N,N,N,N,N,N,N,N,Y,"
            "
링크아트센터,FC003244,2,민간(대학로),2022,878, , ,서울특별시 종로구 대학로14길 29(혜화동),37.5846899,127.0022947,N,N,N,N,N,N,N,N,N,N,"
            "
양주문화예술회관,FC000134,3,공공(문예회관),1997,1851,031-828-9723,http://yjfmc.or.kr/,경기도 양주시 광적면 부흥로618번길 303 양주문화예술회관,37.8131434,126.97215749999998,N,N,N,N,N,N,Y,Y,N,Y,"
            "
빛고을시민문화관,FC000068,1,공공(문예회관),2010,815,062-670-7931,http://bitculture.gjcf.or.kr/php/,광주광역시 남구 천변좌로338번길 7 (구동),35.1481359,126.90864540000007,N,N,N,N,N,N,N,N,N,Y,"
            "
양산박 스튜디오,FC004089,1,민간(대학로 외), ,0, ,https://sites.google.com/view/yangsanbak,서울특별시 성북구 성북로16길 11 (성북동),37.5938418,127.0001548,N,N,N,N,N,N,N,N,N,N,"
            "
논산아트센터(구. 논산문화예술회관),FC001182,2,공공(문예회관),1985,729,041-746-5950,https://www.nonsan.go.kr/arthall/,충청남도 논산시 시민로 270 (내동),36.1909178,127.09514979999994,N,N,N,N,N,Y,Y,Y,Y,Y,"
            "
나루아트센터,FC000039,3,공공(문예회관),2005,785,02-2049-4711,http://www.naruart.or.kr/,서울특별시 광진구 능동로 76 (자양동),37.53735289999999,127.07052479999993,N,Y,N,N,N,Y,Y,Y,Y,Y,"
            "
스파더스페이스,FC003783,1,민간(대학로 외), ,0, , ,경상남도 창원시 마산합포구 구산면 유산군령로 250,35.1308271,128.5613982,Y,Y,N,Y,N,N,N,N,N,Y,"
            "
울주문화예술회관,FC001179,1,공공(문예회관),2009,387,052-229-9500,http://www.uljuart.or.kr/,울산광역시 울주군 범서읍 천상중앙길 36,35.5644423,129.23207939999998,N,N,N,N,N,Y,Y,Y,Y,Y,"
            "
보성군문화예술회관,FC001398,1,공공(문예회관),2015,497,061-850-8660,http://www.boseong.go.kr/art,전라남도 보성군 보성읍 송재로 281-9,34.7778023,127.08806579999998,N,N,N,N,Y,Y,Y,Y,Y,Y,"
            "
대전음악창작소,FC003372,1,민간(대학로 외), ,0,042-257-9723,http://music.dicia.or.kr,대전광역시 중구 대흥로175번길 25(대흥동),36.3262769,127.4303647,N,N,N,N,N,N,N,N,N,N,"
            "
부천시민회관,FC000122,4,공공(문예회관),1988,1255,032-320-6300,http://www.bcf.or.kr/,경기도 부천시 원미구 부일로 365 (중동),37.4886325,126.7706582,N,N,N,N,N,Y,Y,Y,N,Y,"
            "
제주문예회관,FC000260,2,공공(문예회관),1988,998,064-710-7641,http://www.jeju.go.kr/jejuculture/index.htm,제주특별자치도 제주시 동광로 69 (일도이동),33.5043089,126.53538589999994,N,N,N,Y,N,Y,N,N,N,Y,"
            "
고창문화의전당,FC000924,1,공공(문예회관),2008,625,063-560-8041,http://www.gochang.go.kr/art/index.gochang,전라북도 고창군 고창읍 모양성로 11,35.4331954,126.70450310000001,N,Y,N,N,N,N,N,N,N,Y,"
            "
가정생활문화센터 (구.가정청소년문화의집),FC002460,1,공공(기타),2021,70,032-580-1190,https://iscf.kr/_new/html/centerIntro/homeCenter.php,인천광역시 서구 서달로 190 (가정동),37.5156783,126.6797406,N,N,N,N,N,N,Y,Y,Y,Y,"
            "
코델아트홀,FC001414,1,민간(대학로),2016,120,010-6802-1974,https://codellarthall.modoo.at/,서울특별시 종로구 동숭길 78 (동숭동) 지하1층,37.5817072,127.00428190000002,N,N,N,N,N,N,N,N,N,N,"
            "
서경대학교 공연예술센터,FC001877,2,민간(대학로),2018,704,02-940-7114,https://www.skuniv.ac.kr/main,서울특별시 종로구 동숭길 148 (혜화동),37.5820171,127.00353629999995,Y,Y,N,N,N,Y,N,N,N,Y,"
            "
제이엘 씨어터,FC003158,1,민간(대학로 외), ,130,070-4887-1267,https://blog.naver.com/elent0801,서울특별시 마포구 어울마당로 94-8(서교동),37.5531403,126.9222208,N,N,N,N,N,N,N,N,N,N,"
            "
피사체 LAB,FC004006,1,민간(대학로 외), ,0, , ,서울특별시 서초구 나루터로15길 30-9 (잠원동),37.5173461,127.0175763,N,N,N,N,N,N,N,N,N,N,"
            "
한국소리문화의전당,FC000477,8,공공(문예회관),2001,10359,063-270-8000,http://www.sori21.co.kr/,전라북도 전주시 덕진구 소리로 31 (덕진동1가) 소리문화전당,35.855245,127.13766699999996,Y,Y,N,Y,Y,Y,Y,Y,N,Y,"
            "
봄날아트홀(구. 아리랑소극장),FC000453,2,민간(대학로),1996,370,070-8639-7883, ,서울특별시 종로구 동숭길 39 (동숭동),37.5799517,127.00425100000007,Y,Y,N,N,N,N,N,N,N,N,"
            "
스튜디오SK,FC001537,1,민간(대학로),2013,150,02-747-5035,https://studiosk.modoo.at/,서울특별시 종로구 성균관로 15-10 (명륜3가),37.5838639,126.99710440000001,N,N,N,N,N,N,N,N,N,N,"
            "
한울림소극장,FC000858,1,민간(대학로 외),2008,90,053-246-2925,http://www.hanwoollim.com/bbs/board.php?bo_table=notice&wr_id=8,대구광역시 남구 계명중앙1길 35-1 (대명동),35.856223,128.58196509999993,N,N,N,N,N,N,N,N,N,N,"
            "
천마아트센터,FC001337,2,민간(대학로 외),2008,2399,053-810-1527,https://www.yu.ac.kr/cmac/index.do,경상북도 경산시 대학로 280 (대동),35.8367325,128.754368,Y,Y,N,N,N,Y,Y,Y,Y,Y,"
            "
현대예술관,FC001166,2,민간(대학로 외),1998,1180,00-1522-3331,http://www.hhiarts.co.kr/main.jsp,울산광역시 동구 명덕로 10 (서부동),35.5229511,129.43097269999998,Y,Y,N,Y,Y,Y,Y,N,Y,Y,"
            "
소향씨어터,FC001347,1,민간(대학로 외),2012,1134,051-950-6500,http://sohyangtheater.co.kr,부산광역시 해운대구 센텀중앙로 55 (우동) 경남정보대학교및동서대학교센텀산학캠퍼스,35.1731656,129.12766,Y,Y,Y,N,N,Y,Y,Y,Y,Y,"
            "
가톨릭청년회관,FC000802,1,민간(대학로 외),2010,200,070-8668-5795,http://www.scyc.or.kr/v2/scyc.asp,서울특별시 마포구 월드컵북로2길 49 (동교동),37.5571714,126.92301759999998,N,N,N,N,N,N,N,N,N,Y,"
            "
부산북구문화예술회관 (구.북구문화빙상센터),FC000827,1,공공(문예회관),2005,341,051-309-4087,http://culture-ice.bsbukgu.go.kr/index.bsbukgu,부산광역시 북구 금곡대로46번길 50 (덕천동),35.2134491,129.00546810000003,Y,N,Y,N,N,Y,N,N,N,Y,"
            "
KT&G 상상마당 대치아트홀,FC000052,1,민간(대학로 외),2006,422,02-3404-4311,https://www.sangsangmadang.com/info/DC,서울특별시 강남구 영동대로 416 (대치동),37.5065437,127.06535159999999,N,Y,Y,N,N,Y,Y,N,Y,Y,"
            "
세종문화예술회관,FC000433,3,공공(문예회관),2000,842,044-301-3523,http://artcenter.sejong.go.kr/index.do,세종특별자치시 조치원읍 문예회관길 22,36.599612,127.28716899999995,N,N,N,N,N,Y,N,N,N,Y,"
            "
코스모40,FC002672,1,기타(비공연장), ,0,032-575-2319,http://cosmo40.com,인천광역시 서구 장고개로231번길 9 (가좌동),37.4865316,126.677912,Y,Y,N,N,N,N,N,N,N,Y,"
            "
효천아트센터 그라운드씬,FC001600,1,민간(대학로),2010,200,02-3676-2352, ,서울특별시 종로구 성균관로 87 (명륜1가),37.5899206,126.9982675,N,N,N,N,N,N,N,N,N,N,"
            "
이함캠퍼스 [양평],FC004083,1,기타(비공연장), ,0, , ,경기도 양평군 강하면 강남로 370-10 이함미술관 야외무대,37.5021314,127.4251122,N,N,N,N,N,N,N,N,N,N,"
            "
KT&G 상상마당 [춘천],FC001409,3,민간(대학로 외),2014,1700,033-818-3200,http://chuncheon.sangsangmadang.com/,강원도 춘천시 스포츠타운길399번길 25 (삼천동),37.8813153,127.72997069999997,N,N,N,N,N,N,N,N,N,Y,"
            "
광주서구문화센터,FC000236,1,공공(문예회관),2000,326,062-654-4300,http://www.ymcakwangju.or.kr/,광주광역시 서구 마재로 3 (금호동),35.130799,126.86026800000002,N,Y,N,N,N,Y,Y,Y,Y,Y,"
            "
졸탄극장,FC002624,1,민간(대학로), ,179,070-8896-9401, ,서울특별시 종로구 이화장길 58 (이화동),37.5778955,127.0046323,N,N,N,N,N,N,N,N,N,N,"
            "
홍익대 대학로 아트센터,FC001208,2,민간(대학로),2013,852,02-742-0300,http://www.hongikartcenter.com/main.do,서울특별시 종로구 대학로 57 (연건동),37.5769696,127.00203310000006,N,Y,Y,N,N,Y,Y,N,Y,Y,"
            "
정화예술대학교 대학로캠퍼스 정화1관,FC003693,1,민간(대학로), ,0, , ,서울특별시 종로구 동숭1길 1 (동숭동 187-3),37.5800599,127.0046544,N,N,N,N,N,N,N,N,N,N,"
            "
송죽씨어터,FC000297,1,민간(대학로 외),2009,260,053-252-5733,http://songjuk.alltheway.kr/,대구광역시 중구 교동길 15 (화전동),35.8734323,128.59548940000002,N,N,N,N,N,N,N,N,N,N,"
            "
성남아트센터,FC000016,4,공공(문예회관),2005,5174,031-783-8000,http://www.snart.or.kr/,경기도 성남시 분당구 성남대로 808 (야탑동),37.4027309,127.13124349999998,Y,Y,N,Y,Y,Y,N,Y,N,Y,"
            "
아시티스,FC003880,1,민간(대학로 외), ,0, ,http://www.asitispace.com/,서울특별시 관악구 쑥고개로 122 (봉천동),37.4787676,126.9500117,N,N,N,N,N,N,N,N,N,Y,"
            "
문예정터,FC000317,1,민간(대학로 외),1989,100,062-225-5114,http://cafe.daum.net/pineplay,광주광역시 동구 중흥로209번길 8 (계림동),35.16067690000001,126.9168922,N,N,N,N,N,N,N,N,N,N,"
            "
대학로단막극장,FC000774,1,민간(대학로),1996,66,02-765-1544, ,서울특별시 종로구 동숭4길 16-3 (동숭동),37.5832792,127.00456329999997,N,N,N,N,N,N,N,N,N,N,"
            "
컬러드,FC003936,1,기타(비공연장), ,0, , ,서울특별시 강남구 학동로3길 19 (논현동),37.512784,127.0220556,N,N,N,N,N,N,N,N,N,N,"
            "
문학시어터,FC000600,1,공공(기타),2010,111,032-433-3777,http://www.mhtheater.kr,인천광역시 남구 매소홀로 618 (문학동),37.4374104,126.69273420000002,N,N,N,N,N,Y,Y,N,N,Y,"
            "
현대카드 언더스테이지,FC001826,2,민간(대학로 외),2015,205,02-331-6301,https://dive.hyundaicard.com/web/understage/spaceMain.hdc,서울특별시 용산구 이태원로 246 (한남동),37.5365851,127.00066620000007,N,Y,N,N,N,Y,N,N,N,Y,"
            "
문경문화예술회관,FC000525,2,공공(문예회관),1993,1134,054-550-8949,http://www.gbmg.go.kr/open.content/mgculture/,경상북도 문경시 신흥로 85 (점촌동),36.5902332,128.197991,N,N,N,N,N,Y,N,Y,N,Y,"
            "
충무아트센터,FC000014,5,공공(문예회관),2005,2045,02-2230-6601,www.caci.or.kr/caci/main/main.do,서울특별시 중구 퇴계로 387 (흥인동),37.5660139,127.01481309999997,Y,Y,N,Y,N,Y,Y,Y,N,Y,"
            "
인천문화양조장,FC003568,1,민간(대학로 외), ,0,032-422-8630,https://spacebeam.net/brewery-space-guide,인천광역시 동구 서해대로513번길 15 (창영동),0.0000,0.0000,N,N,N,N,N,N,N,N,N,N,"
            "
바탕골소극장,FC001174,1,민간(대학로),1986,160,02-764-8760, ,서울특별시 종로구 대학로10길 5 (동숭동),37.5818197,127.00255949999996,Y,Y,N,N,N,N,N,N,N,N,"
            "
소극장 6번출구,FC001376,1,민간(대학로 외),2009,90,051-625-2117,http://blog.naver.com/mac1986,부산광역시 수영구 수영로 477 (남천동),35.1485415,129.11040309999998,N,N,N,N,N,N,N,N,N,N,"
            "
인제하늘내린센터,FC000559,2,공공(문예회관),2009,899,033-460-8900,http://www.injeart.or.kr/index.php,강원도 인제군 인제읍 비봉로44번길 100,38.0611312,128.16497060000006,N,Y,N,N,N,N,N,N,N,Y,"
            "
아스가르드 씨어터 (구. 낙산씨어터),FC002932,1,민간(대학로), ,100,02-6012-2511, ,서울특별시 종로구 동숭길 140(혜화동),37.5836705,127.0025639,N,N,N,N,N,N,N,N,N,N,"
            "
부산문화회관,FC000167,4,공공(문예회관),1988,2922,051-607-6000,http://culture.busan.go.kr/Main.bs,부산광역시 남구 유엔평화로76번길 1 (대연동),35.127275,129.09361390000004,N,N,N,Y,Y,Y,Y,Y,Y,Y,"
            "
성음아트센터,FC002650,3,민간(대학로 외),2019,368,031-703-2064,http://searts.or.kr/,경기도 성남시 분당구 판교역로14번길 15 (백현동),37.3850359,127.1109981,N,Y,N,N,N,N,N,N,N,N,"
            "
작은극장 다함,FC001407,1,민간(대학로 외),2016,200,042-282-2116, ,대전광역시 동구 대전로448번길 70 (가오동),36.3074733,127.45554930000003,N,N,N,N,N,N,N,N,N,N,"
            "
예술극장 통,FC001145,1,민간(대학로 외),2011,100,062-430-5257,http://cafe.naver.com/cctong,광주광역시 동구 중앙로 149-2 (호남동),35.148103,126.91260650000004,N,N,N,N,N,N,N,N,N,N,"
            "
목포 만호동 일대,FC004062,1,기타(비공연장), ,0, , ,전라남도 목포시 유동로36번길 19-2 (중동1가),34.785157,126.382691,N,N,N,N,N,N,N,N,N,N,"
            "
공연일번지,FC001286,1,민간(대학로 외),2008,70,062-222-7008,http://cafe.daum.net/art1broadway,광주광역시 동구 금남로 218-9 (금남로3가),35.1492131,126.91577430000006,N,N,N,N,N,N,N,N,N,N,"
            "
보령문화예술회관,FC000426,2,공공(문예회관),2002,921, ,http://art.brcn.go.kr/ctnt/ptal/,충청남도 보령시 성주산로 101 (명천동),36.3338172,126.61456599999997,N,N,N,N,N,Y,Y,N,N,Y,"
            "
솜리문화예술회관,FC000463,2,공공(문예회관),1996,806,00-1577-0072,http://arts.iksan.go.kr/index.iksan?menuCd=DOM_000000103002002000,전라북도 익산시 선화1로 106 (마동),35.939343,126.96868100000006,N,N,N,N,N,Y,Y,Y,Y,Y,"
            "
아트하우스,FC003224,1,민간(대학로), ,207, , ,서울특별시 종로구 대학로10길 26(동숭동),37.5816067,127.0037204,N,N,N,N,N,N,N,N,N,N,"
            "
대구학생문화센터,FC000282,3,공공(기타),2003,1528,053-231-1288,http://www.dccs.go.kr/,대구광역시 달서구 용산로 181 (용산동),35.8530407,128.52949850000005,N,Y,N,N,N,N,N,N,N,Y,"
            "
레몬트리소극장,FC001491,1,민간(대학로 외),2013,100,051-626-0116, ,부산광역시 수영구 수영로 421-1 (남천동),35.1437376,129.10897269999998,N,N,N,N,N,N,N,N,N,N,"
            "
용인시평생학습관(여성회관),FC002433,2,공공(기타),2004,761,00-1577-1122,https://lll.yongin.go.kr/,경기도 용인시 수지구 문정로7번길 15 (풍덕천동),37.3202647,127.0953462,N,N,N,N,N,Y,Y,Y,Y,Y,"
            "
어울아트센터(구. 대구북구문예회관),FC001178,2,공공(문예회관),1999,541,053-320-5120,http://www.hbcf.or.kr/front/,대구광역시 북구 구암로 47 (관음동),35.9351297,128.54623719999995,N,N,N,N,N,Y,Y,Y,Y,Y,"
            "
서울시민청,FC002438,2,공공(기타), ,100,02-739-5813,http://www.seoulcitizenshall.kr/,서울특별시 중구 세종대로 110 (태평로1가),37.5665845,126.9782041,N,Y,N,N,Y,Y,Y,N,Y,Y,"
            "
어댑터씨어터 2관,FC003956,1,민간(대학로 외),2024,92, ,https://adapter.theater/index,"부산광역시 수영구 광남로 102 (광안동, 에이스 로얄 팰리스)",35.1508961,129.1154563,N,N,N,N,N,N,N,N,N,N,"
            "
작은극장 돌체,FC000303,1,민간(대학로 외),2007,96,032-772-7361,http://www.clownmime.co.kr/,인천광역시 미추홀구 매소홀로 573 (문학동),37.438755,126.68573600000002,N,N,N,N,N,N,Y,N,Y,Y,"
            "
예술공간 휴서사,FC003580,1,민간(대학로 외),2023,100, ,hueseosa.com,경기도 의정부시 둔야로49번길 29 (의정부동),37.7402315,127.0378666,N,N,N,N,N,N,Y,N,N,N,"
            "
목포문화예술회관,FC001185,1,공공(문예회관),1997,698,061-270-4038,https://www.mokpo.go.kr/art/,전라남도 목포시 남농로 102 (용해동),34.7913967,126.41699100000005,N,N,Y,N,N,Y,Y,Y,Y,Y,"
            "
한국문화의집 KOUS,FC000065,1,공공(기타),2003,230,02-3011-1788,http://www.kous.or.kr,서울특별시 강남구 테헤란로92길 12-9 (대치동),37.50678449999999,127.06046089999995,N,N,N,N,N,N,N,N,N,Y,"
            "
모모씨어터,FC004098,1,민간(대학로),2023,0, , ,서울특별시 종로구 성균관로 15-8 (명륜3가),37.5839742,126.9972423,N,N,N,N,N,N,N,N,N,N,"
            "
R&J씨어터(구. 연진아트홀),FC001142,1,민간(대학로),2006,127,02-747-1912, ,서울특별시 종로구 낙산길 14 (동숭동),37.5802937,127.00526530000002,N,N,N,N,N,N,N,N,N,N,"
            "
금나래아트홀,FC000784,1,공공(문예회관),2008,552,02-2627-2981,http://www.gnrart.or.kr/,서울특별시 금천구 시흥대로73길 70 (시흥동),37.4564588,126.89591250000001,N,Y,Y,N,N,Y,Y,Y,N,Y,"
            "
호원아트홀,FC000070,1,민간(대학로 외),2011,453,02-482-8794,http://blog.naver.com/enter_pf,서울특별시 강동구 성안로 30 (성내동),37.5262867,127.1303173,N,Y,N,N,N,N,N,N,N,Y,"
            "
엑스코(exco),FC001366,11,민간(대학로 외),2001,52214,053-601-5000,https://www.exco.co.kr/kor/index.html,대구광역시 북구 엑스코로 10 (산격동) 대구전시컨벤션센터,35.907821,128.61277599999994,Y,Y,Y,N,N,Y,N,N,N,Y,"
            "
원주치악예술관,FC000365,2,공공(문예회관),1994,600,033-763-9114,http://www.wonju.go.kr/www/contents.do?key=328,강원도 원주시 서원대로 331 (명륜동),37.33538619999999,127.94449340000006,N,Y,N,N,N,Y,N,Y,N,Y,"
            "
더 씨어터,FC001249,1,민간(대학로),2011,96,02-743-3382,http://cafe.daum.net/thetheatre,서울특별시 종로구 대학로3길 10 (효제동) 고운빌딩,37.5740036,127.00164489999997,N,N,N,N,N,N,N,N,N,N,"
            "
몸소리말조아라 센터,FC003659,1,민간(대학로 외), ,0, , ,서울특별시 마포구 토정로15길 10-8 (신수동),37.5453809,126.9353895,N,N,N,N,N,N,N,N,N,N,"
            "
평택시북부문예회관,FC000332,2,공공(문예회관),1991,913,031-8053-3570,https://www.pyeongtaek.go.kr/alrimi/contents.do?mId=0204000000,경기도 평택시 경기대로 1366 (서정동),37.0668137,127.06494380000004,N,N,N,N,N,N,N,N,N,Y,"
            "
예전아트센터,FC000331,1,민간(대학로 외),2008,200,053-424-9426,http://yzartcenter.alltheway.kr/,대구광역시 남구 명덕로 98-1 (대명동),35.8568485,128.5806821,N,Y,N,N,N,N,N,N,N,Y,"
            "
천안시청 봉서홀,FC000474,1,공공(기타),2005,1064,00-1577-3900, ,충청남도 천안시 서북구 번영로 156 (불당동),36.8156927,127.11368679999998,N,Y,N,N,N,N,N,N,N,Y,"
            "
소극장 마당 [대전],FC000611,1,민간(대학로 외),2010,55,042-253-8300,http://cafe.daum.net/thrmrwkdakekd,대전광역시 중구 대종로 456 (대흥동),36.3254492,127.42804009999998,N,N,N,N,N,N,N,N,N,N,"
            "
효원소극장,FC003986,1,민간(대학로 외), ,0, , ,서울특별시 강남구 선릉로 603 (논현동) 지하1층,37.5107746,127.0434538,N,N,N,N,N,N,N,N,N,N,"
            "
한국소리터,FC001572,2,공공(기타),2011,857,031-683-3891,http://soriter.or.kr/soriter/index.php,경기도 평택시 현덕면 평택호길 147,36.9220198,126.92183610000006,N,Y,N,N,N,Y,Y,N,Y,Y,"
            "
수유연극실험실,FC003525,1,민간(대학로 외), ,20, , ,서울특별시 강북구 노해로11길 4 (수유동),37.6391138,127.0223546,N,N,N,N,N,N,N,N,N,N,"
            "
고양어울림누리,FC000819,3,공공(문예회관),2004,2156,00-1577-7766,http://www.artgy.or.kr/,경기도 고양시 덕양구 어울림로 33 (성사동),37.6498532,126.83498459999998,Y,Y,N,Y,N,Y,Y,Y,Y,Y,"
            "
소극장 소금창고,FC001827,1,민간(대학로 외),2018,100,053-655-7139,www.goorigoal.modoo.at,대구광역시 남구 계명중앙1길 48 (대명동),35.8558238,128.58233199999995,N,Y,N,N,N,N,N,N,N,N,"
            "
소극장 무극,FC003149,1,민간(대학로), ,80,010-8234-6602,https://theatremuguek.modoo.at/,서울특별시 종로구 대학로9길 18(명륜4가),37.5818577,127.0008602,N,N,N,N,N,N,N,N,N,N,"
            "
세종문화원,FC001697,2,공공(기타),2013,305,043-865-2411,http://www.sejongcult.or.kr/,세종특별자치시  조치원읍 문화로 17,36.6032717,127.30062629999998,N,N,N,N,N,N,Y,Y,N,Y,"
            "
동해문화예술회관,FC000746,3,공공(문예회관),1995,1753,033-530-2115,http://www.dh.go.kr/pages/sub.htm?nav_code=dh1479357774,강원도 동해시 평원로 15 (천곡동),37.5264687,129.1151526,N,N,N,N,N,Y,N,Y,N,Y,"
            "
보노마루,FC002766,1,공공(기타), ,203,031-481-0571,https://blog.naver.com/cityansan/222155306418,경기도 안산시 상록구 본오로 182 (본오동),37.3012795,126.8673218,N,N,N,N,N,N,N,N,N,Y,"
            "
연천수레울아트홀,FC000142,2,공공(문예회관),2010,716,031-834-3770,http://sureul.co.kr/company/arthall_intro.jsp,경기도 연천군 연천읍 문화로 150,38.1090534,127.07991620000007,N,N,N,N,N,Y,Y,N,Y,Y,"
            "
삼동소극장,FC003531,1,민간(대학로 외), ,0, , ,충청남도 아산시 삼동로16번길 5 (모종동),36.7815225,127.0110188,N,N,N,N,N,N,N,N,N,N,"
            "
피카소소극장,FC000825,1,민간(대학로),2008,140,02-3672-7971,https://picassotheater.modoo.at/,서울특별시 종로구 대학로11길 38-11 (명륜4가),37.582654,127.00063039999998,N,N,N,N,N,N,N,N,N,N,"
            "
티오엠씨어터(구. 문화공간필링),FC000382,3,민간(대학로),2014,555,00-1544-8303,http://www.towntom.com/,서울특별시 종로구 대학로8가길 85 (동숭동),37.5822467,127.00371659999996,N,N,N,N,N,N,N,N,N,Y,"
            "
밀양아리랑아트센터,FC001675,2,공공(문예회관),2016,1001,055-359-4500,https://www.mycf.or.kr/main/,경상남도 밀양시 밀양대공원로 112 (교동),35.5036034,128.7583247,N,N,Y,Y,Y,Y,Y,Y,N,Y,"
            "
대구문화예술회관,FC000191,4,공공(문예회관),1990,2327,053-606-6114,http://artcenter.daegu.go.kr/content.html?md=0047,대구광역시 달서구 공원순환로 201 (성당동),35.8446585,128.55874089999998,N,N,N,N,N,Y,N,N,N,Y,"
            "
아트홀 마당,FC003387,1,민간(대학로 외), ,124,070-4123-4666,http://www.usmadang.co.kr/,울산광역시 중구 성안1길 101(성안동),35.5755364,129.3224548,N,N,N,N,N,N,N,N,N,N,"
            "
성북미디어문화마루 꿈빛극장,FC002770,1,공공(기타),2021,324,02-6953-3201, ,서울특별시 성북구 길음로7길 20 (길음동),37.6037552,127.0222037,N,N,N,N,N,N,N,N,N,N,"
            "
천안시성환문화회관,FC000437,2,공공(문예회관),1995,840,041-521-3745,www.ccsh.or.kr,충청남도 천안시 서북구 성환읍 성진로 15,36.9128883,127.13722340000004,N,N,N,N,N,Y,N,N,N,Y,"
            "
다락방극장(을지트윈타워),FC003222,1,민간(대학로 외), ,0, , ,서울특별시 중구 을지로 170(을지로4가),37.5661392,126.9973275,N,N,N,N,N,N,N,N,N,N,"
            "
초콜릿팩토리,FC000255,1,민간(대학로 외),2008,0,010-9071-1028,http://blog.naver.com/chocolate-factory,부산광역시 남구 수영로 298 (대연동),35.136589,129.09905060000006,N,N,N,N,N,N,N,N,N,Y,"
            "
고양아람누리,FC000127,5,공공(문예회관),2007,4640,00-1577-7766,http://www.artgy.or.kr/aram/introduction.aspx,경기도 고양시 일산동구 중앙로 1286 (마두동) 고양아람누리,37.6614074,126.77433789999998,Y,Y,N,Y,N,Y,N,Y,N,Y,"
            "
연습실 소감 [부산],FC004088,1,민간(대학로 외), ,0, ,https://www.instagram.com/theatre_ugam,부산광역시 남구 용소로28번길 16 (대연동),35.1349601,129.0999123,N,N,N,N,N,N,N,N,N,N,"
            "
도토리씨어터,FC003374,2,민간(대학로), ,232, , ,서울특별시 종로구 대학로12길 63(동숭동),37.5812241,127.0040212,N,N,N,N,N,N,N,N,N,N,"
            "
보광극장,FC002625,1,민간(대학로 외),2017,30,010-6246-2449,https://bktheater.modoo.at/,서울특별시 용산구 장문로19길 4 (보광동),37.5260989,126.9977628,N,N,N,N,N,N,N,N,N,Y,"
            "
설렘아트홀,FC002819,1,민간(대학로 외), ,52,010-3518-7843,https://arthallserlem.modoo.at/,서울특별시 광진구 능동로19길 23(화양동),37.5470491,127.0723822,N,N,N,N,N,N,N,N,N,Y,"
            "
씨어터연바람,FC001305,1,민간(대학로 외),2014,60,062-226-2446,http://blog.naver.com/greentheater,광주광역시 동구 구성로204번길 1-1(대인동),35.1491561,126.9236373,N,N,N,N,N,N,N,N,N,N,"
            "
세우아트센터,FC000794,2,민간(대학로),2002,320,070-7542-5089, ,서울특별시 종로구 대학로12길 49 (동숭동),37.5819127,127.00396899999998,N,N,N,N,N,N,N,N,N,N,"
            "
일터 소극장,FC001676,1,민간(대학로 외),2004,100,051-635-5370, ,부산광역시 동구 자성로141번길 13 (범일동),35.1384481,129.06567140000004,N,N,N,N,N,N,N,N,N,N,"
            "
소극장 공터 다,FC001237,2,민간(대학로 외),2004,100,054-444-0604,https://gongterda.modoo.at/,경상북도 구미시 금오시장로 4 (원평동),36.1252774,128.34051120000004,N,N,N,N,N,N,N,N,N,N,"
            "
시윤아트홀,FC004075,1,민간(대학로), ,0,02-1661-3123, ,서울특별시 종로구 대학로 116 (동숭동),37.5815327,127.0023365,N,N,N,N,N,N,N,N,N,N,"
            "
진해문화센터(진해구민회관),FC000244,2,공공(문예회관),1993,1359,055-719-7882,http://www.jhcc.or.kr/default.html,경상남도 창원시 진해구 진해대로 325 (태백동) 진해구민센터,35.1691187,128.65962420000005,N,N,N,N,N,Y,Y,Y,Y,Y,"
            "
무안승달문화예술회관,FC001378,2,공공(문예회관),2001,669,061-450-4090,https://www.muan.go.kr/culture,전라남도 무안군 창포로 8,34.989977,126.47322310000004,N,N,N,N,N,Y,N,N,N,Y,"
            "
소극장 혜화당(구. 까망소극장),FC001085,1,민간(대학로),1993,115,02-742-1505,http://blog.naver.com/hehwadang,서울특별시 종로구 대학로12길 63 (동숭동),37.5812279,127.00391100000002,Y,N,N,N,N,N,N,N,N,N,"
            "
맥거핀 서교,FC002815,1,민간(대학로 외), ,0,010-8324-8454, ,서울특별시 마포구 양화로7길 28(서교동),37.5519656,126.9146894,N,N,N,N,N,N,N,N,N,N,"
            "
장성문화예술회관,FC000053,2,공공(문예회관),2011,883,061-390-7552,https://www.jangseong.go.kr/home/www/openinfo/openinfo_15/,전라남도 장성군 장성읍 문화로 110,35.3022066,126.76655010000002,Y,Y,Y,N,N,Y,Y,N,Y,Y,"
            "
"밀양아리나(구, 밀양연극촌)",FC001322,9,공공(기타),1999,1350,055-355-2308,https://arina.tk.ac.kr/,경상남도 밀양시 부북면 창밀로 3097-16,35.5334394,128.70464900000002,N,N,N,N,N,N,N,N,N,Y,"
            "
주말극장,FC003053,1,민간(대학로 외), ,0,010-8833-2852,https://blog.naver.com/NBlogTop.naver?isHttpsRedirect=true&blogId=lsstudio,서울특별시 영등포구 도림로126길 1(문래동3가),37.5139792,126.8965073,N,N,N,N,N,N,N,N,N,N,"
            "
오마이갓 전용관,FC003396,1,민간(대학로),2023,78, , ,서울특별시 종로구 동숭길 68 (동숭동),37.5813131,127.0043055,N,N,N,N,N,N,N,N,N,N,"
            "
엑터스토리,FC000279,1,민간(대학로 외),2009,70,053-424-8340,http://www.actorstory.net/,대구광역시 남구 현충로 265 (대명동),35.8559041,128.5825921,N,N,N,N,N,N,N,N,N,N,"
            "
LG아트센터 서울,FC003045,2,민간(대학로 외),2022,1700,00-1661-0017,https://www.lgart.com/Home/Main,서울특별시 강서구 마곡중앙로 136(마곡동),37.565363,126.8293888,N,N,N,N,N,N,N,N,N,N,"
            "
하남문화예술회관,FC000095,3,공공(문예회관),2007,1291,031-790-7979,http://www.hnart.or.kr:8080/content.do?id=29&menu=8&code=1,경기도 하남시 신평로 125 (덕풍동),37.544736,127.20683669999994,N,N,N,N,N,Y,Y,Y,N,Y,"
            "
사천문화예술회관,FC000578,3,공공(문예회관),2002,1010,055-831-2460,www.sccf.or.kr,경상남도 사천시 삼천포대교로 471 (동림동),34.9399063,128.07501849999994,N,Y,N,N,N,Y,Y,N,N,Y,"
            "
용인시문화예술회관,FC000823,1,공공(문예회관),1989,626,031-260-3300,http://yicf.or.kr/main/,경기도 용인시 처인구 중부대로1392번길 15 (김량장동),37.2317133,127.19885390000002,N,Y,N,N,N,Y,Y,N,N,Y,"
            "
구미시문화예술회관,FC000518,3,공공(문예회관),1989,2166,054-480-4560,www.gumi.go.kr/arts,경상북도 구미시 송정대로 89 (송정동 75),36.1183785442842,128.348984109841,N,N,N,N,N,N,N,N,N,Y,"
            "
복사골문화센터,FC000564,2,공공(문예회관),1998,712,032-320-6300,http://www.bcf.or.kr/coro/conc/conctour/concerttourList3.act,경기도 부천시 장말로 107 (상동),37.49479,126.75404900000001,N,Y,N,Y,N,N,N,N,N,Y,"
            "
나다소극장,FC001287,1,민간(대학로 외),2015,80,070-4842-7558,http://blog.naver.com/nadatheater,부산광역시 남구 용소로40번길 11 (대연동),35.1337216,129.10034740000003,Y,Y,N,N,N,N,N,N,N,N,"
            "
광명시민회관,FC000071,3,공공(문예회관),1990,822,02-2621-8800,www.gmcf.or.kr,경기도 광명시 시청로 20 (철산동),37.4770159,126.86367769999993,N,Y,N,N,Y,Y,Y,Y,Y,Y,"
            "
아신극장,FC001134,2,민간(대학로 외),2013,280,00-1599-9210,https://asinartcompany.modoo.at/,대전광역시 중구 대종로 458 (대흥동) 대산빌딩 2-3층,36.3256123,127.42803779999997,N,N,N,N,N,N,N,N,N,N,"
            "
성남아트리움 (구. 성남시민회관),FC001217,2,공공(문예회관),1981,863,031-735-1960,http://www.snart.or.kr/web/cms/?MENUMST_ID=21536,경기도 성남시 수정구 수정로171번길 10,37.4448723,127.13890700000002,Y,Y,Y,Y,Y,Y,Y,Y,Y,Y,"
            "
KBS 수원아트홀,FC000926,1,공공(기타),2008,190,031-216-5201,http://www.kbssuwonart.co.kr/,경기도 수원시 팔달구 인계로 123 (인계동),37.271128,127.03089,N,Y,N,N,N,Y,N,N,N,Y,"
            "
소극장 창덕궁,FC001215,1,민간(대학로 외),2008,80,02-742-7278,http://www.changgeuk.com/,서울특별시 종로구 창경궁로 227(명륜4가),37.5824263,126.9977518,N,N,N,N,N,N,N,N,N,N,"
            "
국립극장,FC000003,7,국립,1973,2432,02-2280-4114,http://www.ntok.go.kr,서울특별시 중구 장충단로 59 (장충동2가),37.5523153,126.99963600000001,N,N,Y,N,N,N,Y,Y,Y,Y,"
            "
옵신 스페이스(구. 서촌공간 서로),FC001380,1,민간(대학로 외),2016,70,02-730-2502,http://spaceseoro.com/main/index.html,서울특별시 종로구 필운대로7길 12 (옥인동),37.5815528,126.967847,N,Y,N,N,N,N,N,N,N,N,"
            "
스타스테이지,FC003274,1,민간(대학로),2022,182,010-3239-0523, ,서울특별시 종로구 대학로12길 15(동숭동),37.5827347,127.002845,N,N,N,N,N,N,N,N,N,N,"
            "
익산시립모현도서관,FC004013,1,공공(기타), ,0, , ,전북특별자치도 익산시 선화로6길 7 (모현동1가),35.9498378,126.9364638,N,N,N,N,N,N,N,N,N,N,"
            "
영등포아트홀,FC000059,1,공공(문예회관),2009,526,02-2670-4024,www.ydpcf.or.kr,서울특별시 영등포구 국회대로 596 (당산동3가),37.526038,126.90008899999998,N,N,N,N,N,Y,Y,Y,Y,Y,"
            "
소극장 울림터(극단 메카네),FC002181,1,민간(대학로 외),2017,70,031-243-5147,https://cafe.naver.com/machanetheater2013,경기도 수원시 팔달구 정조로 767-4 (팔달로3가) 지환빌딩 4층,37.2766728,127.016397,N,N,N,N,N,N,N,N,N,N,"
            "
해바라기소극장(구. 훈아트홀),FC001431,1,민간(대학로),2013,100,02-747-7331, ,서울특별시 종로구 동숭길 76 (동숭동),37.5815998,127.00425730000006,N,N,N,N,N,N,N,N,N,N,"
            "
관악아트홀(구. 관악문화관),FC000036,1,공공(문예회관),2002,700,02-828-5700,http://www.gwanakcullib.seoul.kr/ecolas-dl/new_kwan/intro.php,서울특별시 관악구 신림로3길 35 (신림동),37.4675136464572,126.944804505456,Y,N,N,N,N,N,N,N,N,Y,"
            "
안동문화예술의전당,FC000537,3,공공(문예회관),2010,1270,054-840-3600,http://andongart.go.kr/,경상북도 안동시 축제장길 66 (안흥동),36.5595259,128.7256906,N,Y,Y,Y,N,Y,Y,Y,N,Y,"
            "
제나아트홀 (구. 룸씨어터),FC003171,1,민간(대학로), ,204, , ,서울특별시 종로구 대학로10길 12(동숭동) 지하1층,37.5816149,127.0028075,N,N,N,N,N,N,N,N,N,N,"
            "
남한산성아트홀,FC000110,2,공공(문예회관),2011,1308,031-760-4466,http://www.gjcs.or.kr/gjcs/html/02_per/per_06.asp,경기도 광주시 회안대로 891 (송정동),37.4270408,127.25507500000003,Y,Y,Y,N,N,Y,Y,Y,Y,Y,"
            "
지블레싱소극장,FC002976,1,민간(대학로 외), ,0,010-7225-1219, ,서울특별시 마포구 신촌로14길 24(노고산동),37.5550779,126.9332973,N,N,N,N,N,N,N,N,N,Y,"
            "
김해서부문화센터,FC001890,1,공공(문예회관),2018,691,055-344-1824,http://www.wgcc.or.kr/main.do,경상남도 김해시 율하2로 210 (율하동),35.1718789,128.81382729999996,N,N,N,Y,N,Y,Y,Y,N,Y,"
            "
KNN시어터,FC001075,1,민간(대학로 외),2014,280,051-664-7880,https://www.instagram.com/knntheater.official/,부산광역시 해운대구 센텀서로 30 KNN타워,35.17369,129.12690099999997,N,N,N,N,N,Y,Y,Y,Y,Y,"
            "
동국대학교,FC000570,3,민간(대학로 외),2008,732,02-2260-8901,http://www.xn--3i0by5pyxij4d72bsi666f.com/,서울특별시 중구 필동로1길 30 (필동3가),37.5582585,127.00324509999996,N,N,N,N,N,N,N,N,N,Y,"
            "
동네극장,FC002912,1,민간(대학로 외), ,28,02-333-0416,https://www.instagram.com/local_book_club/,서울특별시 동대문구 안암로6길 19(용두동),37.5791469,127.0259164,N,N,N,N,N,N,N,N,N,Y,"
            "
청주아트홀 (구. 청주시민회관),FC001258,1,공공(문예회관),2013,710,043-201-2363,http://www.cheongju.go.kr/ac/contents.do?key=16276,충청북도 청주시 서원구 예체로 118-1 (사직동),36.6374278,127.4694055,N,N,N,N,N,Y,N,N,N,N,"
            "
부산시민공원,FC004077,1,민간(대학로 외),2014,80,051-850-6000,https://citizenpark.or.kr/main.asp,부산광역시 부산진구 시민공원로 73 (범전동),35.1654551,129.0558537,N,N,N,N,N,N,N,N,N,N,"
            "
광주디자인센터,FC001406,1,공공(기타),2006,300,062-611-5000,http://www.gdc.or.kr/,광주광역시 북구 첨단과기로176번길 27 (오룡동),35.2238269,126.84684870000001,N,Y,N,Y,N,Y,Y,Y,Y,Y,"
            "
세종국악당,FC000662,1,공공(문예회관),1991,388,031-887-2066,http://www.yjcf.or.kr/cms/content/view/215,경기도 여주시 영릉로 125 (하동),37.2971351,127.62494079999999,N,N,N,N,N,N,N,N,N,Y,"
            "
수원SK아트리움,FC001438,2,공공(문예회관),2014,1250,031-250-5300,http://www.suwonskartrium.or.kr/,경기도 수원시 장안구 이목로 24-25 (정자동),37.3096379,126.98655699999995,N,Y,N,N,N,Y,Y,N,Y,Y,"
            "
영월군문화예술회관,FC000751,1,공공(문예회관),1993,394,033-375-6353,http://www.ywcf.or.kr/bbs/board.php?bo_table=sub2_1_1&wr_id=1,강원도 영월군 영월읍 단종로 24,37.1859101,128.46849029999998,N,N,N,N,N,Y,N,N,N,Y,"
            "
P&F 씨어터,FC003303,1,민간(대학로 외), ,0, , ,인천광역시 중구 차이나타운로52번길 3(선린동),37.4749371,126.6184396,N,N,N,N,N,N,N,N,N,N,"
            "
경민대학교,FC004063,1,기타(비공연장), ,0,031-828-7700, ,경기도 의정부시 서부로 545 (가능동),37.7461243,127.0251315,N,Y,Y,N,N,N,N,N,N,Y,"
            "
국립정동극장 세실 (구.세실극장),FC001125,1,국립,1976,234,02-765-7500,https://www.jeongdong.or.kr/portal/main/main.do,서울특별시 중구 세종대로19길 16 (정동),37.5667701,126.97608230000003,N,N,N,N,N,N,N,N,N,N,"
            "
트라이보울,FC001696,3,공공(문예회관),2010,335,032-832-7994,http://www.tribowl.kr/,인천광역시 연수구 인천타워대로 250 (송도동) (재)인천문화재단 트라이보울,37.3940776,126.63503560000004,N,N,N,N,N,Y,Y,Y,Y,Y,"
            "
쌍용아파트,FC004040,1,기타(비공연장), ,0, , ,"서울특별시 동대문구 한천로58길 47 (이문동, 쌍용아파트) 상가동 305호",37.6007508,127.0687695,N,N,N,N,Y,N,N,N,N,N,"
            "
연극플레이스 혜화,FC003098,1,민간(대학로), ,162, , ,서울특별시 종로구 대학로8가길 111(동숭동),37.5809723,127.003528,N,N,N,N,N,N,N,N,N,N,"
            "
의정부예술의전당,FC000019,2,공공(문예회관),2001,1258,031-828-5841,https://www.uac.or.kr/,경기도 의정부시 의정로 1 (의정부동),37.7334125,127.03436779999993,N,Y,N,Y,N,Y,N,Y,Y,Y,"
            "
유스퀘어 문화관,FC000320,2,민간(대학로 외),2009,559,062-360-8434,http://www.usquareculture.co.kr/,광주광역시 서구 무진대로 904 (광천동),35.1603307,126.87933959999998,N,N,N,N,N,Y,Y,N,Y,Y,"
            "
신세계 문화홀 8층 [대구],FC001613,1,민간(대학로 외),2016,450,053-661-1510,https://www.shinsegae.com/culture/culturehall/about.do,대구광역시 동구 동부로 149 (신천동),35.8778124,128.62845270000003,Y,Y,Y,Y,Y,Y,Y,Y,Y,Y,"
            "
창동극장,FC001329,1,민간(대학로 외),2014,100,070-8749-3205,http://cdt.modoo.at/,서울특별시 도봉구 노해로 391 (창동),37.6527874,127.05159359999993,N,N,N,N,N,N,N,N,N,N,"
            "
13블럭 소극장,FC003668,1,민간(대학로 외),2023,60,010-7720-8607,https://www.instagram.com/play_block13/,경기도 고양시 일산동구 강촌로26번길 7-21 (백석동),37.6470888,126.7801102,N,N,N,N,N,N,N,N,N,Y,"
            "
영산대학교 [해운대],FC003735,1,민간(대학로 외),2005,300,051-540-7000,https://www.ysu.ac.kr/kor/Main.do,부산광역시 해운대구 반송순환로 142 (반송동),35.2241543,129.1590647,N,Y,Y,N,N,N,N,N,N,Y,"
            "
마을극장 흰고무신,FC004045,1,공공(기타), ,0, , ,서울특별시 도봉구 시루봉로15마길 13 (방학동),37.6681272,127.0315428,N,N,N,N,N,N,N,N,N,N,"
            "
서산문화원,FC002086,1,공공(기타),1965,220,041-669-5050,http://www.cnkccf.or.kr/seosan.do,충청남도 서산시 부춘공원2로 11 (읍내동) ,36.7867298,126.4489674,N,N,N,N,N,Y,Y,N,N,Y,"
            "
호암예술관,FC000407,1,공공(기타),2006,291,043-870-7832,http://www.cjfmc.or.kr/homepage/guide/guide_sub01_02,충청북도 충주시 중원대로 3306 (호암동),36.9631902,127.92561679999994,N,N,N,N,Y,Y,Y,Y,Y,Y,"
            "
예울마루,FC000826,3,공공(문예회관),2012,1323,00-1544-7669,https://www.yeulmaru.org/,전라남도 여수시 예울마루로 100 (시전동),34.7498095,127.66498990000002,N,Y,N,N,Y,Y,Y,Y,Y,Y,"
            "
디너씨어터,FC004164,1,민간(대학로 외), ,0, , ,서울특별시 송파구 백제고분로48길 7 (방이동),37.5116556,127.1141774,N,N,N,N,N,N,N,N,N,N,"
            "
김천시문화예술회관,FC001108,3,공공(문예회관),2000,1428,054-420-7820,http://www.gcart.go.kr/,경상북도 김천시 운동장길 3 (삼락동),36.1382834,128.08868029999996,N,Y,N,N,N,Y,Y,Y,Y,Y,"
            "
반쥴,FC002361,1,기타(비공연장), ,70,02-735-5437,http://www.banjul.co.kr/,서울특별시 종로구 삼일대로17길 23 (관철동) ,37.5690724,126.9861858,N,Y,N,N,N,N,N,N,N,N,"
            "
빛고을아트스페이스,FC003995,1,공공(문예회관), ,100,062-670-7931,http://bitculture.gjcf.or.kr/,광주광역시 남구 천변좌로338번길 7 (구동),35.1479059,126.9078967,N,N,N,N,N,N,N,N,N,N,"
            "
나빌레라 소극장,FC003594,1,민간(대학로 외), ,0, , ,충청남도 홍성군 홍성읍 조양로143번길 38,36.6033318,126.6665188,N,N,N,N,N,N,N,N,N,N,"
            "
공간 불모지,FC004108,1,기타(비공연장), ,0, ,https://www.instagram.com/bullmoji,인천광역시 연수구 샘말로8번길 11 (연수동),37.4117176,126.6784477,N,N,N,N,N,N,N,N,N,N,"
            "
뉴컬쳐커피 [김포],FC004157,1,기타(비공연장), ,20, , ,경기도 김포시 김포한강1로 238 (운양동),37.6527341,126.6831625,N,N,N,N,N,N,N,N,N,N,"
            "
도곡2문화센터,FC001100,1,공공(기타),2010,138,02-2176-0743, ,서울특별시 강남구 남부순환로378길 34-9 (도곡동),37.4837128,127.04643740000006,N,N,N,N,N,Y,Y,Y,Y,Y,"
            "
익산예술의전당,FC001356,1,공공(문예회관),2015,1202,063-859-3254,http://arts.iksan.go.kr/index.iksan,전라북도 익산시 동서로 490 (어양동),35.9515526,126.9869056,Y,Y,N,Y,N,Y,Y,Y,Y,Y,"
            "
태백문화예술회관,FC000375,3,공공(문예회관),2003,1605,033-552-1360,http://www.taebaek.go.kr/www/contents.do?key=495,강원특별자치도 태백시 고원로 203 (황지동),37.1719185,128.9880057,N,N,N,N,N,Y,Y,Y,Y,Y,"
            "
춘천시공연예술창업지원센터,FC004106,1,공공(기타), ,0,033-259-5892,https://www.thehab.co.kr/html/main/index.php,강원특별자치도 춘천시 영서로 3035 (사농동),37.9231818,127.7205112,N,N,N,N,N,N,N,N,N,N,"
            "
선돌극장,FC000362,1,민간(대학로),2007,130,02-747-3226, ,서울특별시 종로구 혜화로5길 5 (명륜1가),37.5867715,126.99974999999995,N,N,N,N,N,N,N,N,N,N,"
            "
CJ아지트 대학로 (구. SM아트홀),FC000098,1,민간(대학로),2016,190,02-726-7967,https://www.cjazit.org/cjazit,서울특별시 종로구 대학로12길 69 (동숭동),37.5809629,127.00394989999995,Y,N,N,N,N,N,N,N,N,N,"
            "
경기상상캠퍼스 M3,FC001836,3,공공(기타),2016,276,031-296-1980,http://sscampus.kr/,경기도 수원시 권선구 서둔로 166 (서둔동) ,37.2629491,126.9817372,N,Y,N,N,N,Y,N,N,N,Y,"
            "
미로센터 2관(구.궁동예술극장),FC000430,1,공공(기타),2002,83,062-222-7716,https://www.donggu.kr/board.es?mid=a90307010200&bid=0035,광주광역시 동구 예술길 18-1 (궁동),35.1500476,126.91817839999999,N,N,N,N,N,N,N,N,N,N,"
            "
남동소래아트홀,FC000214,2,공공(문예회관),2011,2235,032-427-8401,http://www.namdongarts.kr/,인천광역시 남동구 아암대로1437번길 32 (논현동),37.3874966,126.72463809999999,N,N,N,N,N,Y,N,N,N,Y,"
            "
우란2경,FC002016,2,민간(대학로 외),2014,120,02-465-1418,http://www.wooranfdn.org/about/space.jsp,서울특별시 성동구 연무장7길 11 (성수동2가),37.5438039,127.0544279,N,N,N,N,N,N,N,N,N,Y,"
            "
대전평송청소년문화센터,FC000323,2,공공(기타),1997,1105,042-480-1622,http://www.pyoungsong.com/,대전광역시 서구 둔산대로 201 (만년동),36.365688,127.39157390000003,Y,Y,N,N,N,N,N,N,N,Y,"
            "
스카이아트홀,FC003373,1,민간(대학로 외),2022,987,02-2657-9757,https://skyarthall.modoo.at,서울특별시 강서구 화곡로63길 65(등촌동),37.5579738,126.8491891,N,N,N,N,N,N,N,N,N,N,"
            "
청학아트홀,FC003032,1,공공(기타), ,222, ,https://www.yeonsu.go.kr/culture/reservation/cheonghak/rental.asp,인천광역시 연수구 비류대로 299(청학동),37.4263057,126.6676686,N,N,N,N,N,N,N,N,N,Y,"
            "
스튜디오 QDA(구. 춤공장),FC001425,1,민간(대학로 외),2013,20,010-6228-5952,http://blog.daum.net/ironworksplay,서울특별시 영등포구 도림로126길 1 (문래동3가),37.5176033,126.89528900000005,N,N,N,N,N,N,N,N,N,N,"
            "
단양군문화예술회관,FC001747,1,공공(문예회관),1986,656,043-420-2557,https://www.danyang.go.kr/culture/%EB%A9%94%EC%9D%B8,충청북도 단양군 단양읍 중앙1로 32,36.9855794,128.3680875,N,N,N,N,N,Y,N,N,N,Y,"
            "
평택시남부문예회관,FC000934,2,공공(문예회관),1993,862,031-8024-5411,http://www.pyeongtaek.go.kr/pyeongtaek/contents.do?mId=0601060300,경기도 평택시 중앙로 277 (비전동),36.9909219,127.11427630000003,N,N,N,N,N,Y,Y,N,N,Y,"
            "
춘천인형극장,FC000680,6,공공(문예회관),2001,1443,033-242-8450,http://www.cccf.or.kr/designer/skin/cafacility/puppetmain.html,강원도 춘천시 영서로 3017 (사농동),37.9210964,127.7199971,N,Y,N,N,N,Y,Y,Y,N,Y,"
            "
한국전통문화전당,FC001302,2,공공(기타),2015,728,063-281-1500,http://www.ktcc.or.kr,전라북도 전주시 완산구 현무1길 20,35.8206769,127.14828209999996,N,N,N,N,Y,Y,Y,Y,Y,Y,"
            "
한홀 소극장,FC002876,1,민간(대학로 외), ,96,031-796-6556,https://hanholthearter.modoo.at/,경기도 하남시 신장로 58(천현동),37.5353971,127.2109957,N,N,N,N,N,N,N,N,N,N,"
            "
달서아트센터 (구. 웃는얼굴아트센터),FC000183,3,공공(문예회관),2004,1667,053-584-8715,http://www.dscf.or.kr/pages/main/index.html,대구광역시 달서구 문화회관길 160 (장기동),35.84337790000001,128.52284439999994,N,N,N,Y,N,Y,Y,Y,Y,Y,"
            "
라온씨어터,FC004018,1,민간(대학로), ,0, , ,서울특별시 종로구 대학로10길 12 (동숭동) 3층,37.5816149,127.0028075,N,N,N,N,N,N,N,N,N,N,"
            "
별별마당 우금치,FC003225,1,민간(대학로 외),2015,100, ,https://linktr.ee/wukumchi1990,대전광역시 중구 중앙로112번길 15(대흥동),36.3267236,127.4230361,N,N,N,N,N,N,N,N,N,N,"
            "
소극장 연극바보들,FC002254,1,민간(대학로 외),2019,74,010-4610-8343,http://scmooha.com/,강원도 춘천시 서부대성로239번길 7 (효자동),37.8733467,127.7448361,Y,N,N,N,N,N,N,N,N,N,"
            "
두산아트센터,FC000402,3,민간(대학로 외),2007,920,02-708-5001,http://www.doosanartcenter.com/,서울특별시 종로구 종로33길 15 (연지동),37.571729,127.00118929999996,N,N,N,N,N,N,N,N,N,Y,"
            "
해피씨어터,FC001303,1,민간(대학로),2008,200,02-747-2070, ,서울특별시 종로구 대학로10길 5 (동숭동),37.5818197,127.00255949999996,N,N,N,N,N,N,N,N,N,N,"
            "
용인포은아트홀,FC000057,1,공공(문예회관),2012,1259,031-260-3351,http://yicf.or.kr/main/?skin=guide010101.htm,경기도 용인시 수지구 포은대로 499 (죽전동),37.3256631,127.10469480000006,N,N,N,N,N,Y,Y,Y,Y,Y,"
            "
가회당,FC003725,1,기타(비공연장), ,51, , ,경기도 수원시 팔달구 행궁로 33 (남창동),37.2795433,127.0150575,N,N,N,N,N,N,N,N,N,N,"
            "
전포와일드클럽,FC002942,1,기타(비공연장), ,0,010-6607-3313,https://www.spacecloud.kr/space/34797,부산광역시 부산진구 서전로37번길 14-1(전포동),35.1583946,129.0642014,N,N,N,N,N,N,N,N,N,N,"
            "
창작플랫폼 경험과 상상,FC001631,1,민간(대학로 외),2017,65,02-6949-2016,https://enitheater.modoo.at/?link=9chvvc5t,"서울특별시 영등포구 선유동2로 56 (당산동5가, 유원제일2차아파트)",37.532918,126.8988554,N,N,N,N,N,N,N,N,N,N,"
            "
물빛극장,FC003870,1,민간(대학로), ,60, , ,서울특별시 종로구 대학로8가길 129 (동숭동),37.5803062,127.0035291,N,N,N,N,N,N,N,N,N,N,"
            "
3.15아트센터,FC000877,3,공공(문예회관),2008,1747,055-719-7800,http://www.cwcf.or.kr/facility/facility_315art.asp,경상남도 창원시 마산회원구 삼호로 135 (양덕동),35.2258781,128.57720210000002,N,Y,N,N,N,Y,Y,N,N,Y,"
            "
예그린씨어터,FC001212,1,민간(대학로),2014,202,02-6673-0100,http://yegreen.creatorlink.net/,서울특별시 종로구 동숭길 130-5 (동숭동),37.5838441,127.00306009999997,N,N,N,N,N,Y,N,N,N,N,"
            "
성미산마을극장 향,FC000138,1,민간(대학로 외),2009,101,02-322-0345,http://cafe.naver.com/sungmisantheater.cafe,서울특별시 마포구 월드컵로26길 39 (성산동),37.5594242,126.90989319999994,N,N,N,N,N,N,Y,N,N,Y,"
            "
축제극장몸짓,FC000678,1,공공(기타),2010,124,033-251-0531,http://www.mimefestival.com/rent/introduce,강원도 춘천시 춘천로 112 (효자동),37.8729692,127.72758580000004,N,Y,N,N,N,N,N,N,N,Y,"
            "
소명아트홀 (구.메가폴리스아트홀),FC001106,1,민간(대학로 외),2023,112,043-222-1434,http://somyung.modoo.at/,충청북도 청주시 상당구 중앙로 30 (북문로2가),36.6396573,127.4889033,N,N,N,N,N,N,N,N,N,N,"
            "
쌍벽루아트홀,FC002372,1,공공(기타),2019,250,055-379-8560,https://www.yssisul.or.kr/stms/art/complexIntro,경상남도 양산시 신기강변로 26 (신기동),35.3501902,129.0339852,N,N,N,N,N,Y,N,N,Y,Y,"
            "
국립극단 [명동],FC000005,1,국립,2009,547,00-1644-2003,http://www.ntck.or.kr,서울특별시 중구 명동길 35 (명동1가),37.563999,126.98417380000001,N,Y,N,N,N,Y,Y,Y,Y,Y,"
            "
용인문화예술원,FC000664,1,공공(기타),2005,290,031-323-6371,https://www.yicf.or.kr/PageLink.do,경기도 용인시 처인구 중부대로 1199 (삼가동),37.2406893,127.17915360000006,N,N,N,N,N,Y,Y,Y,Y,Y,"
            "
청주예술의전당,FC000403,2,공공(문예회관),1995,2491,043-201-2304,https://www.cheongju.go.kr/ac/index.do,충청북도 청주시 서원구 흥덕로 69 (사직동),36.6420171,127.46975329999998,N,Y,N,Y,N,Y,Y,Y,N,Y,"
            "
소극장 함세상,FC001327,1,민간(대학로 외),2015,70,053-625-8251,http://www.hamsesang.com/,대구광역시 남구 명덕로 98 - 2,35.8566254,128.58077560000004,N,Y,N,N,N,N,N,Y,N,N,"
            "
예술극장 온,FC001389,1,민간(대학로 외),2007,70,053-424-8347, ,대구광역시 중구 경상감영길 294 (동인동2가),35.8704081,128.6118613,N,N,N,N,N,N,N,N,N,N,"
            "
경북고령대가야문화누리 (구. 대가야국악당),FC000863,3,공공(문예회관),2015,778,054-950-7014,http://art.goryeong.go.kr/content.html?md=0026,경상북도 고령군 대가야읍 왕릉로 30,35.7265848,128.2636126,N,Y,N,N,N,Y,Y,N,N,Y,"
            "
서빛마루문화예술회관,FC003465,1,민간(대학로 외), ,324, ,http://210.179.58.118/user/sub4030,광주광역시 서구 풍암공원로 30 (풍암동),35.1304664,126.8806018,N,N,N,N,N,N,N,N,N,N,"
            "
(재)영화의전당,FC000175,5,공공(문예회관),2011,4877,051-780-6000,http://www.dureraum.org/bcc/main/main.do?rbsIdx=1,부산광역시 해운대구 수영강변대로 120 (우동),35.1711778,129.12719560000005,N,Y,Y,N,Y,Y,Y,Y,Y,Y,"
            "
상상아트홀 [대전],FC000185,1,민간(대학로 외),2011,130,00-1899-4429,http://cafe.daum.net/sangsanghall,대전광역시 중구 대종로505번길 28(선화동),36.3288066,127.4234165,N,N,N,N,N,N,N,N,N,N,"
            "
창작공간 기차,FC002543,1,민간(대학로 외),2017,70,053-286-7879, ,대구광역시 남구 양지로 114 (대명동),35.8514637,128.5798559,N,N,N,N,N,N,N,N,N,N,"
            "
삼척문화예술회관,FC000355,3,공공(문예회관),1994,2778,033-572-1331, ,강원도 삼척시 엑스포로 45 (성남동),37.438147,129.16028989999995,N,N,N,N,N,Y,N,Y,N,Y,"
            "
봄내극장,FC000394,1,민간(대학로 외),2003,95,010-7273-8047,http://citf.or.kr/,강원도 춘천시 서부대성로 71 (옥천동),37.8824701,127.73133299999995,N,N,N,N,N,N,N,N,N,Y,"
            "
신촌문화발전소,FC001854,1,공공(기타),2018,50,02-330-4393,https://www.scas.or.kr/,서울특별시 서대문구 연세로2나길 57 (창천동),37.5578945,126.93978519999996,N,Y,N,N,N,Y,N,N,Y,Y,"
            "
예술의 전당 [광주] (구. 광주문화예술회관),FC000233,3,공공(문예회관),1991,2226,062-613-8333,https://gjart.gwangju.go.kr/intro.jsp,광주광역시 북구 북문대로 60 (운암동),35.1777124,126.88170230000003,N,Y,N,Y,Y,Y,Y,Y,Y,Y,"
            "
댕로홀,FC001099,1,민간(대학로),2005,83,070-8600-8342, ,서울특별시 종로구 대학로12길 50 (동숭동),37.5818195,127.00370980000002,N,N,N,N,N,N,N,N,N,N,"
            "
지인시어터(구. 알과핵소극장),FC000416,1,민간(대학로),1998,176,02-745-8833, ,서울특별시 종로구 동숭길 25 (동숭동),37.5798541,127.0035752,N,N,N,N,N,Y,N,N,N,Y,"
            "
의령군민문화회관,FC000241,1,공공(문예회관),1993,354,055-570-4922,http://culture.uiryeong.go.kr/,경상남도 의령군 의령읍 의병로24길 31-1,35.3176895,128.26483499999995,N,N,N,N,N,Y,Y,Y,N,Y,"
            "
초록씨어터,FC002854,1,민간(대학로), ,160,070-4870-1931,https://parangtheatre.modoo.at/,서울특별시 종로구 대학로 128(동숭동),37.5827051,127.0021572,N,N,N,N,N,N,N,N,N,N,"
            "
도파니아트홀,FC001507,1,민간(대학로 외),2005,90,055-238-2007,http://dopani.kr/,경상남도 창원시 의창구 창이대로113번길 20 (명서동),35.2430649,128.64817160000007,N,N,N,N,N,N,N,N,N,N,"
            "
창작소극장,FC001325,1,민간(대학로 외),1990,100,063-282-1810,https://www.facebook.com/%EC%B0%BD%EC%9E%91%EC%86%8C%EA%B7%B9%EC%9E%A5-375729442615468,전라북도 전주시 완산구 동문길 100 (경원동1가),35.8181057,127.14857289999997,N,N,N,N,N,N,N,N,N,N,"
            "
아산시 평생학습관(여성회관 아산아트홀),FC000908,2,공공(문예회관),1992,2008,041-537-3903,http://life.asan.go.kr/_kor/index.asp,충청남도 아산시 남부로 92 (용화동),36.7705363,126.99199020000003,N,N,N,N,N,Y,Y,Y,N,Y,"
            "
경기대학교 [서울],FC002320,1,민간(대학로 외),2012,100,02-390-5114,http://www.kyonggi.ac.kr/webService.kgu?menuCode=K00M00020301,서울특별시 서대문구 경기대로9길 24 (충정로2가) ,37.5653263,126.9624034,Y,Y,Y,N,N,Y,N,N,N,Y,"
            "
아르디ys아트홀,FC002973,1,민간(대학로 외), ,80, ,https://ardiysarthall.modoo.at/,경상남도 양산시 물금읍 증산역로 163,35.309495,129.0077204,N,N,N,N,N,N,N,N,N,N,"
            "
서울주문화센터,FC002626,2,공공(문예회관),2020,338,052-204-0318,https://wucc.or.kr/,울산광역시 울주군 언양읍 언양로 40-7,35.5612048,129.1313812,N,Y,N,N,N,Y,N,N,N,Y,"
            "
스페이스 아텔 (space Artel),FC004061,1,민간(대학로 외), ,0, ,https://www.instagram.com/artel_frontdesk,서울특별시 성북구 보문로34다길 31 (동선동3가),37.5926264,127.0208992,N,N,N,N,N,N,N,N,N,N,"
            "
비오케이아트센터(BOK아트센터),FC002305,2,민간(대학로 외),2019,220,044-868-3956,http://www.bokartcenter.co.kr,세종특별자치시 국책연구원3로 12 (반곡동),36.4922533,127.3032718,Y,Y,Y,Y,Y,Y,Y,N,Y,Y,"
            "
창녕문화예술회관,FC000790,3,공공(문예회관),2012,692,055-530-1911,http://art.cng.go.kr,경상남도 창녕군 창녕읍 군청1길 35,35.5446712,128.4901958,N,N,N,Y,Y,Y,N,Y,N,Y,"
            "
우리소극장 [대학로],FC002820,1,민간(대학로), ,114,070-4618-5632,https://blog.naver.com/marupro01,서울특별시 종로구 이화장길 86-11(동숭동),37.5792262,127.0051573,N,N,N,N,N,N,N,N,N,N,"
            "
경상남도문화예술회관,FC001701,4,공공(문예회관),1988,1528,00-1544-6711,https://artcenter.gyeongnam.go.kr/main.do,경상남도 진주시 강남로 215 (칠암동) 경남문화예술회관,35.1872624,128.09176509999998,N,N,N,N,N,Y,N,N,N,Y,"
            "
이천아트홀,FC000824,3,공공(문예회관),2009,1651,031-644-2100,https://art.icheon.go.kr/files/intro_02_01.php,경기도 이천시 부악로 40 (중리동),37.2711919,127.43434869999999,N,N,N,Y,N,Y,Y,Y,Y,Y,"
            "
의성청소년문화의집,FC002802,1,기타(비공연장), ,300,054-830-5516, ,경상북도 의성군 의성읍 후죽4길 6,36.3533218,128.696478,N,N,N,N,N,N,N,N,N,N,"
            "
동덕여대공연예술센터,FC000528,1,민간(대학로),2001,411,02-940-4578,https://www.dongduk.ac.kr/kor/intro/subinstitute05.do,서울특별시 종로구 동숭길 126 (동숭동),37.5836998,127.0032999,N,N,N,N,N,Y,N,Y,N,Y,"
            "
빛고을국악전수관,FC000436,1,공공(기타),2002,156,062-350-4557, ,광주광역시 서구 풍금로 182 (금호동),35.1320275,126.85982430000001,N,N,N,N,N,Y,Y,Y,N,Y,"
            "
제주특별자치도 설문대여성문화센터,FC000918,1,공공(기타),2010,810,064-710-4202,http://swcenter.jeju.go.kr/,제주특별자치도 제주시 선덕로8길 12 (연동),33.4844207,126.50059499999998,N,N,N,N,N,Y,N,N,N,Y,"
            "
영도문화예술회관,FC000828,3,공공(문예회관),2009,1188,051-419-5571,http://www.yeongdo.go.kr/culture.web,부산광역시 영도구 함지로79번길 6 (동삼동),35.0753352,129.06601109999997,N,N,N,N,Y,N,Y,N,N,Y,"
            "
예술나눔 터,FC000182,1,민간(대학로 외),2003,106,00-1661-1178,http://www.artnanum.com/main/main.php,충청북도 청주시 상당구 중앙로 30 (북문로2가),36.6396741,127.48890740000002,N,N,N,Y,N,N,N,N,Y,Y,"
            "
예주문화예술회관,FC000548,2,공공(문예회관),2004,685,054-730-7774,http://art.yd.go.kr/,경상북도 영덕군 영해면 318만세길 36,36.529789,129.40498860000002,N,N,N,N,N,Y,Y,Y,N,Y,"
            "
인천수봉문화회관,FC000219,2,공공(문예회관),1982,160,032-873-5174,http://artin.or.kr/artin_new.htm,인천광역시 남구 수봉안길 78 (숭의동),37.4615074,126.66226830000005,N,N,N,N,N,Y,Y,Y,N,Y,"
            "
"정극장 (구. M시어터, 구.하모니아트홀)",FC001172,1,민간(대학로),2012,118,02-6221-6485, ,서울특별시 종로구 대학로12길 69 (동숭동),37.5818321,127.00342699999999,N,N,N,N,N,N,N,N,N,Y,"
            "
통진두레문화센터,FC001198,1,공공(기타),2008,217,031-983-3460,https://www.gcf.or.kr/main/?mc_code=1413,경기도 김포시 통진읍 김포대로 2347-8,37.6953025,126.58772069999998,N,N,N,N,N,Y,Y,N,Y,Y,"
            "
나온씨어터,FC000180,1,민간(대학로),2008,105,02-3675-3677,http://naontheater20.modoo.at,서울특별시 종로구 혜화로9길 7 (명륜1가),37.5876677,126.99939259999996,N,N,N,N,N,N,N,N,N,N,"
            "
포항문화예술회관,FC001191,3,공공(문예회관),1995,1537,054-289-7999,https://culturalspace.phcf.or.kr/munhwaArtCenter/subMain.do,경상북도 포항시 남구 희망대로 850 (대도동),36.009548,129.3659927,N,Y,N,N,N,Y,N,N,Y,Y,"
            "
성북구민회관,FC001423,1,공공(기타),1990,750,02-924-6781,https://www.sbculture.or.kr/culture/main/contents.do?menuNo=500219,서울특별시 성북구 성북로4길 177 - 0 성북구민회관,37.589116,127.01821459999996,N,N,N,N,N,N,N,N,N,Y,"
            "
노적봉관광안내소 [목포],FC004072,1,기타(비공연장), ,0, , ,전라남도 목포시 유달로 122 (측후동),34.7888061,126.3811402,N,N,N,N,N,N,N,N,N,N,"
            "
